sentence1,sentence2,similarity
水稻 纹枯病 的 识别 与 防治,水稻 纹枯病 的 识别 及 防治,1
水稻 一生 中 有 哪些 病虫害,水稻 品种 的 抗性 影响 稻 曲 病 发生 的 轻重 一般说来 有 哪些 规律,0
水稻 早 穗 的 表现 有 哪些,水稻 早 穗 的 原因 及 预防措施 有 哪些,0
早春 防止 水稻 烂秧 措施 有 哪些,水稻 如何 防止 烂 种 烂秧,1
水稻 白 叶枯病 用 什么 农药 效果 好,水稻 结实 期 穗 发芽 的 原因 有 哪些 如何 防治,0
什么 是 水稻 的 三性,水稻 怎样 晒 田,0
水稻 穗 颈 稻瘟病 如何 科学 防治,如何 防治 水稻 稻 象 甲,0
如何 防治 稻 曲 病,稻 曲 病 发生 后 如何 治疗,1
怎样 识别 与 防治 水稻 细菌性 条斑 病,怎样 识别 与 防治 水稻 细菌性 基 腐 病,0
水稻 抽穗期 怎样 防 高温 危害,水稻 孕穗 抽穗期 如 高温 热害 最佳 减灾 措施 有 哪些,0
水稻 育苗 前 为什么 浸种,水稻 浸种 前 为什么 要 晒种 晒种 要 注意 什么,0
水稻 早 穗 现象 发生 原因,水稻 纹枯病 的 发生 原因 和 防治 方法,0
水稻 机 插秧 壮秧 的 主要 形态 特征 有 哪些,水稻 机 插秧 大棚 育秧 技术 要点 有 哪些,0
防治 水稻 稻飞虱 和 卷叶螟 的 有效 方法 有 哪些,防治 水稻 稻 纵 卷叶螟 比较 有效 的 药剂 有 哪些,0
单季稻 高温 热害 防范措施,水稻 中后期 高温 热害 防治 技术 如何,1
如何 科学 防治 水稻 螟虫,水稻 螟虫 防治 方法 有 哪些,1
水稻 稻 曲 病 何时 防治 最佳,水稻 稻 曲 病 的 防治 时期,1
如何 进行 水稻种子 处理,水稻 烂秧 及 预防 对策,0
水稻 的 稻瘟病 防治 方法,水稻 稻瘟病 的 防治 方法,1
由于 气候 原因 我 县 部分 水稻 发生 穗 颈 瘟 如何 治疗,水稻 发生 赤 枯 病 怎么办,0
水稻 直播 田 杂草 防除 技术,直播 稻田 杂草 防除 一般 采取 什么 策略,1
防治 水稻 稻瘟病 药剂 的 是 哪些,水稻 叶 瘟病 的 防治 技术 及 常用 药剂 有 哪些,0
晚稻 稻 曲 病 的 防治 最佳时期 是,水稻 稻 曲 病 在 破口 前 多少 天 防治 是 最佳时期,0
如何 判定 杂交 水稻种子 是 陈 种,杂交 水稻种子 与 常规 水稻种子 在 浸种 催芽 上 有 何 区别,0
如何 防治 水稻 赤 枯 病 铁锈 病,怎样 防治 水稻 赤 枯 病,1
如何 利用 农业 物理 等 技术 对 水稻 稻 负 泥 虫 进行 有效 防治,怎样 利用 高效 低毒 低 残留 农药 对 水稻 纹枯病 进行 科学 有效 防治,0
水稻 分蘖 最低气温 是 多少度 最适 气温 多少度,水稻 分蘖 生长 最适 温度 范围 不能 低于 或 高于 多少度,0
白 翅 叶蝉 对 水稻 的 危害 及 防治 方法,水稻 稻飞虱 如何 防治,0
水稻 插秧机 插秧 要 注意事项,水稻 机 插秧 有 什么 特点 机 插秧 要 注意 什么,0
水稻 穗肥 分为 促 花肥 和 保 花肥 促 花肥 通常 在 叶 龄 余数 多少 时 施用,适时 的 化学防治 可以 及时 控制 稻 纵 卷叶螟 为害 当 分蘖期 稻 纵 卷叶螟 多少 头 百 穴 穗 期 多少 头 百 穴 时 应 及时 开展 防治,0
目前 常用 的 水稻 机 插 育秧 方式 都 有 几种,目前 常用 的 水稻 机 插秧 的 育秧 方式 有 几种 各 有 什么 优缺点,1
水稻 培育 壮秧 技术,旱育稀植 水稻 栽培技术,0
如何 防止 水稻 后期 倒伏,如何 预防 水稻 倒伏,1
水稻 本田 千金子 应选 用 的 除草剂 及 施药 方法 是 什么,什么 是 稻瘟病,0
如何 使用 噻嗪 酮 防治 稻飞虱,水稻 早衰 巧 防治,0
如何 预防 水稻 倒伏,预防 水稻 倒伏 有 什么 好 措施,1
水稻 缺 钾 发 僵 有 哪些 症状,水稻 缺 钾 时 表现,1
水稻 出现 早 穗 现象 是 什么 原因,水稻 出现 早 穗 现象 的 原因,1
水稻 如何 防 倒伏,水稻 怎样 抗倒伏,1
如何 防止 水稻 后期 倒伏,如何 防止 直播 水稻 倒伏,0
水稻 灌浆 期 如何 防治 稻飞虱,水稻 稻飞虱 的 防治 方法,1
水稻 常见 的 迁飞 性 稻飞虱 有 哪几种,稻飞虱 有 多少 种,1
水稻 纹枯病 的 农业 防治 方法 有 哪些,防治 水稻 纹枯病 的 方法 有 哪些,1
水稻 高温 热害 预防措施,高温 对 水稻 的 热害 影响 如何 预防,1
水稻 白 叶枯病 和 水稻 叶枯病 有 什么 相同 和 不同之处,水稻 四种 叶 瘟病 与 水稻 胡麻 斑 病 叶片 上 斑 病 的 形状 颜色 有 什么 不同,0
稻 鸭 共生 有 哪些 好处,稻 鸭 共育 的 好处,1
水稻 细菌 条斑 病 有 啥 症状,水稻 细菌性 条斑 病 有 哪些 症状,1
怎样 防治 水稻 稻 曲 病,水稻 稻 曲 病 的 防治 要点,1
水稻 叶枕 瘟 防治,如何 防治 水稻 叶 瘟病,0
如何 辨别 水稻 农药 药害,如何 治疗 水稻 叶 尖 枯 病,0
造成 水稻 大量 不 结实 的 原因 除草剂 的 除外,防治 水稻 褐 飞 虱 的 关键技术,0
化学防治 水稻 纹枯病 的 防治 适 期 是 什么 时候,水稻 条纹 叶枯病 的 主要症状 是 什么 如何 防治,0
水稻 施 穗肥 的 最佳时期 是 什么 时候,水稻 穗肥 什么 时候 施 怎么样 施,1
水稻 田野 荸荠 有 许多 用 什么 农药 除去,稻田 里 的 野 荸荠 怎么 除去,1
水稻 稻飞虱 的 综合 防治 方法 有 那些,水稻 稻 曲 病 的 防治 方法 有 那些,0
水稻 赤 枯 病 的 一般 症状 是 什么样,水稻 赤 枯 病症状 及 防治 方法,1
水稻 烂秧 及 防治 技术,稻 纵 卷叶螟 在 安徽 中北部 稻 区 一年 发生 几代,0
稻 水 象 甲 的 化学防治,稻 水 象 甲 的 防治 措施 是 什么,1
水稻种子 贮藏 注意 什么 事项,水稻 直播 栽培技术 要点 有 哪些,0
请问 水稻 白 叶枯病 的 病原菌 是 什么,水稻 白 叶枯病 与 细菌性 条斑 病 的 叶 部 症状 特点 有 什么 不同,0
水稻 胡麻 斑 病 危害 症状 是 什么,稻 水 象 甲 的 化学防治,0
怎样 有效 防治 水稻 穗 颈 瘟,水稻 穗 颈 瘟 的 防治 要点,1
稻 纵 卷叶螟 是 怎样 为害 的 防治 方法 有 哪些,用于 防治 稻 纵 卷叶螟 的 最新 的 药剂 有 哪些,0
稻 白 叶枯病 是 由 什么 病菌 侵害 引起 的,请问 水稻 白 叶枯病 的 病原菌 是 什么,1
水稻 颖 枯 病 综合 防治,水稻 恶 苗 病 危害 症状,0
怎样 防治 水稻 条纹 叶枯病,问 水稻 条纹 叶枯病 怎样 识别 与 防治,0
使用 烯 啶 虫 胺 防治 稻飞虱 时 注意事项 有 哪些,水稻 穗 颈 瘟病 防治 技术 及 注意事项 有 哪些,0
水稻 稻 曲 病防治 时间 如何 确定,防治 稻 曲 病 的 最佳时期 是 什么 时候,1
水稻 恶 苗 病 有 哪些 特征,水稻 恶 苗 病 的 症状 特点 是 什么,1
水稻 纹枯病 要 如何 防治,稻 纵 卷叶螟 年 生 几代,0
水稻 黑 条 矮 缩 病 有 何 特殊 症状,水稻 黑 条 矮 缩 病症状 有 哪些,1
怎样 预防 水稻 立枯病,怎样 利用 高效 低毒 低 残留 农药 对 水稻 纹枯病 进行 科学 有效 防治,0
影响 水稻 分蘖 的 因素 是 什么,水稻 稻飞虱 爆发 的 有利 因素 是 什么,0
稻 曲 病 什么 时候 防治 最好,防治 水稻 稻 曲 病 适宜 期 在 什么 时候 用药,1
水稻 稻瘟病 应该 怎样 防治 有些 什么 症状 特点,水稻 稻瘟病 有 什么 特征,1
水稻 条纹 叶枯病 的 防治 与 对策,二化螟 虫 的 防治 技术,0
怎样 区别 秧苗 千金子 和 稗 草,水稻 稻瘟病 的 防治 方法 是 什么,0
为什么 水稻 播种 前 要 进行 晒种,水稻 催芽 前 为什么 要 晒种,1
在 水稻田 杂草 防治 过程 中 怎样 区分 稻 稗 和 稗 草,长江流域 水稻田 抗性 稗 草 怎样 防治,0
如何 做好 水稻 稻 曲 病 的 防治 工作,水稻 稻 曲 病 的 防治,1
水稻 中后期 高温 热害 防治 技术,防御 水稻 高温 热害 的 方法 有 哪些,1
水稻 黑 条 矮 缩 病 的 发生 及 防治,水稻 黑 条 矮 缩 病 综合 防治 技术,1
水稻 二化螟 什么 时间 防治 最好,水稻 稻 曲 病 的 最佳 防治 适 期 是 什么 时候,0
水稻 纹枯病 的 防治 方法,水稻 纹枯病 的 防治 方法 有 哪些,1
水稻 播种 前 为什么 要 进行 晒种,水稻 旱育稀植 技术 操作,0
水 秀 纹枯病 是 世界性 水稻 病害 之一 纹枯病 的 发病 症状 是 什么样 的,水稻 纹枯病 的 各 部位 发病 症状,1
水稻 高温 热害 的 防御 措施,水稻 低温 冷害 的 防御 措施,0
水稻 的 科学 施肥 方法 主要 要点,水稻 科学 施肥 技术 要点,1
水稻 黑 条 矮 缩 病 的 症状 是 怎样,水稻 黑 条 矮 缩 病症状 有 哪些,1
水稻 白 叶枯病 的 发病 症状,水稻 白 叶枯病 表现 的 症状 是,1
水稻 出现 早 穗 现象 的 主要 原因 是 什么,水稻 长 穗 期 出现 早 穗 的 原因 有 哪些 如何 防止,1
中稻 稻飞虱 稻 纵 卷叶螟 如何 防治,稻飞虱 怎么 防治,1
水稻 烂秧 病 的 七项 防治 措施,水稻 育秧 烂秧 死苗 防治 方法,1
请问 水稻 稻瘟病 的 发病 规律,水稻 品种 的 抗性 影响 稻 曲 病 发生 的 轻重 一般说来 有 哪些 规律,0
水稻 的 稻 曲 病 如何 防治,水稻 稻瘟病 的 症状 有 哪些 如何 防治,0
水稻 纹枯病 用 什么 药剂 防治 最 有效,问 有 哪些 低毒 农药 可 防治 水稻 纹枯病,1
水稻 有 哪些 病虫害,水稻 在 病虫害 防治 中 容易 发生 药害 有 哪些 补救措施,0
水稻 细菌性 基 腐 病 如 防治,水稻 细菌性 基 腐 病防治 技术,1
水稻 稻飞虱 该 怎么 防治,水稻 褐 飞 虱 的 发生 规律 是 什么 怎样 针对性 防治,0
云南 隆阳区 水稻 白 叶枯病 防治 技术,怎样 区分 水稻 白 叶枯病 各种类型 怎样 防治,0
持续 高温 天气 如何 防止 水稻 热害,水稻 穗 期 高温 热害 预防 技术,1
如何 正确 防治 水稻 稻 曲 病,怎么 防治 水稻 稻 曲 病,1
水稻种子 贮藏 方法,怎样 识别 秧田 中 的 稗子 和 千金子,0
如何 预防 水稻 烂秧,早春 如何 防止 水稻 烂秧,1
水稻 基 腐 病 怎么 防 效果 好,水稻 细菌性 基 腐 病 发生 特点 及 防治,1
如何 治疗 水稻 细菌性 条斑 病,如何 识别 水稻 细菌性 条斑 病,0
水稻 如何 防止 烂 种 烂秧,如何 防治 水稻 烂秧 病,0
怎样 计算 水稻 播种 时间,水稻 纹枯病 的 防治 方法 是 什么,0
早稻 长期 低温 天气 会 影响 分蘖 效果 吗,高温 天气 对 水稻 有 什么 影响,0
水稻 旱育稀植 技术 操作 要点 是,水稻 旱育稀植 栽培技术 要点 有 哪些,1
水稻 纹枯病 发生 与 防治,水稻 纹枯病 的 防治 措施,1
水稻 稻瘟病 发生 如何 防治,喷施 多 效 唑 防止 水稻 徒长 在 什么 时 效果 好,0
水稻 机 插秧 大田 管理 技术,水稻 分蘖期 田间管理 技术,0
水 稻蓟马 怎样 防治,稻蓟马 怎么 防治,1
白背飞虱 与 褐 飞 虱 的 区别 有 哪些,水稻 受 二化螟 危害 出现 白 穗 症状 的 生育 时期 是 哪个 生育期,0
稻田 生态 养鸭 的 饲养 管理 技术,水稻 中毒 发 僵 的 症状 有 哪些,0
水稻 高温 热害 预防措施,水稻 白化病 的 发生 与 防治 技术,0
如何 区别 水稻 稗 草 稻 稗 千金子,水稻田 杂草 李氏 禾 千金子 稗 草 主要 区别 是 什么,1
如何 提高 旱作 水稻 的 产量,制约 水稻 产量 提高 的 主要 因素 有 哪些,0
大龄 千金子 防治,水稻 为什么 会 缺 钾 发 赤 有 哪些 防治 措施,0
水稻 细菌性 基 腐 病 识别 与 防治,怎样 识别 与 防治 水稻 细菌性 条斑 病,0
怎样 识别 秧田 中 的 稗子 和 千金子,水稻 直播 田 千金子 怎样 防除,0
水稻 稻瘟病 和 稻飞虱 的 防治,水稻 稻瘟病 根据 发生 的 部位 不同 分为 哪几种,0
水稻 受 药害 怎么办,除草剂 药害 怎样 挽救,1
水稻 纹枯病 发生 与 防治,水稻 条纹 叶枯病 的 发生 与 防治 对策,0
预防 稻 曲 病 的 药 什么 时间 打 效果 最好,水稻 稻飞虱 在 什么 时间 防治效果 最好,0
如何 提高 水稻 的 产量,高温 天气 如何 预防 水稻 早衰 提高 早稻 产量,0
高温 干旱 对 水稻 生产 有 什么 危害,水稻 的 穗 颈 瘟 如何 防治 用 什么 药剂 效果 好,0
水稻 纹枯病 症状 及 防治 措施,怎样 提高 水稻种子 发芽率,0
水稻 二化螟 怎样 防治,水稻 二化螟 的 防治 策略,1
水稻 大 卷叶虫 的 防治 措施,水稻 生理性 烂秧 主要症状 有 哪些,0
水稻 中毒 发 赤 有 哪些 症状 病因 如何,水稻 稻瘟病 的 症状 有 哪些 如何 防治,0
水稻 白 叶枯病 的 发病 条件 及 防治 方法,水稻 白 叶枯病 的 发病 条件 是 什么,1
怎样 防治 稻田 稻飞虱,如何 提前 预防 稻飞虱 怎样 防治,0
水稻 早 穗 原因 及 防治 技术,防治 稻飞虱 的 最佳 时间 和 最佳 用药量,0
水稻 烂秧 死苗 的 原因 及 防止,水稻 秧田 期 秧苗 徒长 的 原因 有 哪些 如何 防止,0
杂交稻 种子 浸种 时 应 注意 什么,杂交稻 种子 储藏 时 应 注意 什么,0
水稻 稻 曲 病 的 最佳 防治 时间 是 什么 时期,水稻 稻 曲 病 选择 什么 药剂 防控 最好,1
采取 稻 菜 轮作 对 保证 食品安全 有 何 现实意义,稻 虾 共 作 的 水稻田 使用 哪些 除草剂 对虾 是 安全 的,0
如何 做好 水稻 稻 曲 病 的 防治 工作,怎么 防治 稻 曲 病 效果 最好,1
水稻 稻 曲 病 用 什么 药 防治效果 最好,防治 水稻 稻 曲 病 的 高效 对 路 药物 是 哪 种,1
如何 提高 杂交 水稻 的 产量,水稻 品种 的 三性 指 什么,0
水稻 穗 颈 稻瘟病 如何 科学 防治,水稻 穗 颈 稻瘟病 的 防治,1
水稻 发生 赤 枯 病 怎么办,水稻 发生 了 除草剂 药害 该 怎么办,0
如何 自制 农药 防 稻瘟病,水稻 稻瘟病 现在 有 那些 新 农药,1
如何 防治 水稻 白 叶枯病,水稻 白 叶枯病 怎样 防治,1
怎样 防治 水稻 纵 卷叶螟,水稻 稻 纵 卷叶螟 防治 的 最佳时期 是 在 什么 时候,0
水稻 扬 花期 如何 防治 稻飞虱,如何 防治 水稻 稻 褐 飞 虱,0
有机 稻 细菌性 基 腐 病 怎么 防治,水稻 细菌性 基 腐 病 发生 特点 及 防治,1
水稻 纹枯病 发生 与 防治,水稻 纹枯病 的 防治 方法 有 哪些,1
稻 水 象 甲 危害 特征,稻 象 甲 的 危害 症状 是 什么,1
水稻 纹枯病 药剂 防治 指标 是 多少,噻 呋 酰胺 悬浮剂 等 药剂 防治 水稻 纹枯病 试验,0
水稻 扬 花期 如何 防治 稻飞虱,水稻 稻飞虱 的 防治 方法,1
水稻 穗 颈 瘟 的 发生 趋势 与 预防 方法,如何 有效 防治 水稻 细条 病 和 白 叶枯病,0
水稻 纹枯病 防治 指标 有 哪些,目前 防治 水稻 条纹 叶枯病 药剂 有 哪些,0
如何 防治 早稻 纹枯病,水稻 纹枯病 怎样 防治,1
水稻 稻 曲 病 什么 时机 防 好,水稻 稻 曲 病 的 防治 时期,1
水稻 的 穗 颈 瘟 如何 防治 用 什么 药剂 效果 好,防治 水稻 穗 颈 瘟 有 哪些 适用 药剂,1
水稻 干 尖 线虫病 如何 预防,水稻 得 了 干 尖 线虫病 如何 防治,0
水稻 水田 除草剂 药害 补救措施,水稻 苗床 封闭 药 药害 如何 解决,1
水稻 稻瘟病 现在 有 那些 新 农药,防治 稻瘟病 效果 最好 的 药剂 是 什么,1
水稻 分蘖期 田间 杂草 很多 主要 是 鸭舌 草 水花生 等 用 氰 氟 草 酯 还是 用 二甲 四氯 防治 比较 适宜,水稻 稻田 养鱼 的 好处 有 哪些,0
水稻 烂秧 的 预防,水稻 烂秧 病 的 七项 防治 措施,0
水稻 直播 栽培 的 类型 有 哪些,稻田 水稻 免耕 直播 栽培技术 的 要点 有 哪些,0
稻飞虱 形成 暴发 的 条件 有 哪些,早稻 烂 种 烂秧 防治 措施 有 哪些,0
怎样 防除 直播 稻 苗期 的 田间 杂草,直播 水稻田 如何 搞好 化学 除草,1
如何 进行 水稻 分蘖期 的 田间管理,水稻 高温 期间 如何 管理,0
水稻 稻瘟病 防治,水稻 叶 瘟病 防治 措施,0
药剂 防治 稻 曲 病 的 适 期 在 何时,水稻 倒伏 是 什么 原因,0
水稻 发生 稻瘟病 用 什么 药剂 防治效果 好,稻瘟病 的 防治 药剂 有 哪些,1
稻瘟病 的 防治 适 期,水稻 稻瘟病 的 防治 适 期 及 防治 药剂 是 什么,0
稻 水 象 甲 在 哪里 越冬,稻 水 象 甲 成虫 主要 形态 特征 是 什么,1
水稻 穗肥 分为 促 花肥 和 保 花肥 促 花肥 通常 在 叶 龄 余数 多少 时 施用,倒伏 后 的 水稻 有 哪些 补救措施,0
水稻 恶 苗 病 的 发生 与 种子 处理,怎样 防止 水稻 贪 青 晚熟,0
水稻 秧苗 出现 恶 苗 病 后 有 哪些 补救措施 应 如何 防治,防治 水稻 恶 苗 病 做好 什么 是 关键,1
水稻 黑 条 矮 缩 病 综合 防治 技术,粳稻 矮 缩 病 的 综合 防治,1
水稻 出现 早 穗 现象 的 原因,水稻 早 穗 是 什么 原因,1
水稻 稻 纹枯病 的 综合 防治 技术,水稻 纹枯病 发生 及 防治 预报,1
水稻 分蘖 最低气温 是 多少度 最适 气温 多少度,水稻 矮 缩 病 如何 识别 综合 防治 方法 有 哪些,0
水稻 发生 分蘖 的 最低气温 是 多少度,对 稻田 稗 草 防除 效果 最好 的 除草剂 的 有效成分 是 什么,0
水稻 螟虫 幼虫 用 什么 药 打,防治 水稻 螟虫 的 优良 药剂 有 哪些,1
水稻 有条纹 叶枯病 症状 怎么办,水稻 条纹 叶枯病 防治 方法,1
什么 原因 导致 水稻 倒伏,水稻 品种 退化 原因 是 什么,0
怎么样 防治 水稻 基 腐 病,怎样 防控 好 水稻 细菌性 基 腐 病,1
水稻 稻 曲 病 的 最佳 防治 时期 是 什么 时间,水稻 稻 曲 病防治 时间 如何 把握,1
直播 田 水稻 使用 什么 除草剂 比较 好,直播 稻田 杂草 稻 怎样 防治,1
二化螟 的 防治 适 期 是 什么 时候,水稻 二化螟 防治 期,1
稻瘟病 怎么 防治,稻瘟病 的 防治 方法 是 什么,1
稻田 除草剂 药害 的 预防 与 补救措施,水稻 细菌性 基 腐 病 的 预防 与 治理,0
哪些 药剂 可以 防治 水稻 稻瘟病,水稻 叶 瘟病 的 防治 技术 及 常用 药剂 有 哪些,0
对 水稻 条纹 叶枯病 的 防治 策略,水稻 条纹 叶枯病 的 防治 措施 有 哪些,1
水稻 穗 颈 瘟 如何 防治,如何 预防 和 防治 水稻 穗 颈 瘟,0
水稻 胡麻 斑 病 的 发生 和 防治,水稻 纹枯病 的 发生 原因 和 防治 方法,0
水稻 超 稀 植 栽培 应 注意 合理 施肥,问 水稻 如何 科学 施肥,1
杂交 水稻 亩 播种量 多少 适宜,水稻 旱 种 亩 用 种 量 为 多少,1
如何 防治 水稻 千金子,水稻田 千金子 水花生 等 恶性 杂草 的 防治 技术,1
水稻 枯 心病 的 诊断,俗称 水稻 癌症 也 称 假 枯心 的 水稻 病害 是,0
水稻 白 穗 的 形成 原因,水稻 白化 苗 是 什么 原因 造成 的,0
如何 预防 水稻 穗 上 发芽,早稻 收获 季节 稻谷 如何 预防 发芽,1
水稻 二化螟 防治 最佳 时间,水稻 螟虫 防治 的 最佳 时间 是 什么 时候,0
水稻 纹枯病 的 发病 有 何 特点,水稻 条纹 叶枯病 的 症状 特点 如何,0
胡麻 叶枯病 快 把 水稻 吃 了 怎么办,稻瘟病 胡麻 叶斑病 与 水稻 赤 枯 病 的 区别 是 什么,0
水稻 稻 曲 病 的 防治 时期,水稻 稻 曲 病防治 时间 如何 确定,1
水稻 恶 苗 病 如何 诊治,水稻 恶 苗 病 的 防治,1
怎样 防治 稻田 稻飞虱,水稻 稻飞虱 怎么 防治,1
稻田 养鱼 有 哪些 日常 管理工作,稻田 里 如何 养鱼,1
水稻 烂秧 病 的 防治 措施 要点,水稻 得 了 白 叶枯病 如何 进行 防治,0
直播 水稻 应 注意 哪些 问题,防治 水稻 稻瘟病 有 哪些 要 注意 的 问题,0
如何 开展 稻飞虱 的 预报 工作,水稻 螟虫 怎样 防治效果 好,0
水稻 催芽 前 为什么 要 晒种,水稻 播种 前 为什么 要 晒种,1
水稻 稻瘟病 预测 预报 方法,水稻 恶 苗 病 的 危害 症状,0
直播 栽培 水稻 技术 要点 有 哪些,水稻 生长 后期 倒伏 早衰 贪 青 的 原因 及 防治 方法,0
水稻 倒伏 是 什么 原因 导致 的,水稻 倒伏 的 原因,1
水稻 分蘖期 怎样 管理,水稻 小 苗期 发生 稻 稻瘟病 后 怎样 防治 及 管理,0
水稻 恶 苗 病 和 防治,水稻 秧田 出现 了 恶 苗 病 苗 该 怎样 处理,1
水稻 缺 钾 症 如何 识别 和 防治,水稻 白 叶枯病 是 由 什么 病菌 引起 的,0
水稻 心 叶 卷曲 水稻 细菌性 基 腐 病 的 防治 方法,水稻 细菌性 基 腐 病防治 方法,1
水稻 螟虫 的 防治 措施,水稻 螟虫 的 防治 方法 是 什么,1
水稻 稻蓟马 的 防治 技术,稻田 蓟马 的 发生 条件 及 防治,1
持续 高温 天气 如何 防止 水稻 热害,水稻 怎样 避免 高温 热害,1
水稻 立枯病 症状 及 防治,北方 水稻 纹枯病 的 发病 症状 及 防治 方法,0
如何 防除 水稻 直播 田 杂草,怎样 防治 水稻 稻瘟病,0
水稻 早 穗 现象 的 预防措施 有 哪些,水稻 早 穗 的 原因 及 预防措施 有 哪些,1
稻 纵 卷叶螟 三 四五 龄 幼虫 怎样 防治,稻 纵 卷叶螟 防治 技术 有 哪些,1
水稻 恶 苗 病 主要 表现 症状,水稻 恶 苗 病 的 本田 期 病症 有 哪些,1
水稻 烂秧 防治 技术,水稻 稻蓟马 的 防治 技术,0
水稻 稻瘟病 如何 防治,水稻 稻瘟病 的 防治 方法 有 哪些,1
如何 治疗 水稻 细菌性 条斑 病,当前 水稻 细菌性 条斑 病 综合 防治 措施 有 哪些,1
水稻 恶 苗 病 有 哪些 特征,水稻 恶 苗 病 最 有效 的 防治 方法 有 哪些,0
稻 曲 病 要 于 水稻 抽穗 前 多少 天 用 药剂 预防,水稻 稻 曲 病 在 破口 前 多少 天 防治 是 最佳时期,0
稻田 养鸭 需要 注意 什么,水稻田 养鱼 有 什么 特别 注意 的 问题 呢,0
水稻 黑 条 矮 缩 病 有 何 特殊 症状,水稻 细菌性 条斑 病 的 症状 有 何 特点,0
水稻 纹枯病 化学 药物 防治 技术,防治 水稻 纹枯病 用 哪些 药剂,1
水稻 纹枯病 用 什么 药剂 防治 最 有效,水稻 纹枯病 的 防治 特效药,1
怎样 防治 苗期 稻瘟病,水稻 恶 苗 病 怎样 防治,0
稻瘟病 根据 发生 时期 与 危害 部位 可 分为 哪几种,水稻 烂秧 是 秧苗 在 田里 死亡 的 总称 根据 发生 的 时期 不同 可 分为 几种 类型,0
更新 种子 处理 药剂 控制 水稻 恶 苗 病,水稻 恶 苗 病 的 预防 与 控制技术,0
水稻 为何 会 倒伏,水稻 倒伏 的 原因,1
当前 什么 药 防治 晚稻 稻飞虱 最好,水稻 高温 热害 防治 技术 措施,0
危害 水稻 的 稻飞虱 有 哪几种,水稻 白 叶枯病 怎么 防治 水稻 白 枯叶 病 的 防治,0
二化螟 虫 的 防治 技术,防治 水稻 二化螟 的 策略 是 是 什么,1
水稻 立枯病 和 青枯病 防治 技术,水稻 机 插秧 育秧 期 多长时间,0
直播 田 用 什么 水稻 品种 好,水稻田 里 的 稻 水 象 甲 用 什么 药 效果 好,0
如何 防止 水稻 药害 的 发生,水稻 低温 冷害 的 类型 有 哪些 如何 防止 水稻 低温 冷害,0
水稻 纹枯病 咋 防治,水稻 纹枯病 如何 综合 防治,1
水稻 稻瘟病 如何 绿色 防控,水稻 稻瘟病 的 症状 有 哪些 如何 防治,0
怎样才能 消除 水稻 除草剂 药害,水稻 药害 的 补救 办法,1
稻 曲 病 的 发病 原因 及 防治 方法,水稻 细菌性 基 腐 病 发生 原因 及 防治 方法,0
稻 虾 共 作 的 水稻田 使用 哪些 除草剂 对虾 是 安全 的,旱田 除草剂 在 水稻 上 的 药害 症状 有 哪些,0
水稻 螟虫 的 防治 措施,防治 水稻 螟虫 怎么办,1
水稻 得 了 细菌性 褐 条 病 是 什么 症状 该 怎样 防治,水稻 细菌性 褐 条 病 发病 症状 是 什么,1
水稻 如何 防治 稻 曲 病,水稻 稻 曲 病防治 方法 有 哪些,1
水稻 纹枯病 的 防治,水稻 纹枯病 的 防治 策略 有 哪些,1
稻瘟病 发生 特点 有 哪些,水稻 螟虫 发生 特点 有 哪些,0
晚稻 后期 怎样 防治 好 稻飞虱,水稻 稻飞虱 为害 严重 怎样 防治,1
单季稻 抽穗 扬 花期 遇到 连阴雨 天气 如 防治 稻 曲 病,水稻 稻 曲 病 的 发生 与 防治 措施,1
水稻 赤 枯 病 综合 防治,如何 综合 防治 水稻 条纹 叶枯病,0
怎么样 防治 水稻 细菌性 基 腐 病,洪涝 过后 应 注意 防治 水稻 基 腐 病,1
水稻 霜霉病 发生 与 防治,水稻 稻瘟病 的 发生 与 防治 方法,0
水稻 徒长 怎么 补救,水稻 出现 烂秧 的 原因 有 哪些 怎么 补救,0
水稻 烂秧 病 如何 防治,水稻 秧苗 立枯病 如何 防治,0
有 农户 咨询 水稻 叶 尖 枯黄 根系 正常 是 什么 病,在 水稻 片 真叶 时 出现 叶 尖 灰白色 干枯 扭曲 干枯 孕穗 后 干 尖 更 重剑 叶 尖端 渐 枯黄 半透明 扭曲 干 尖 变为 灰白色 或 淡褐色 病 健 部 界限 明显 该 病害 是 什么 病害,0
什么 是 水稻 细菌性 条斑 病 该 如何 防治,水稻 细菌性 条斑 病 咋 防治,1
稻壳 做 蛋 鸭 垫料 有 哪些 好处,水稻 机 插秧 秧田 与 本田 比 一般 为 多少,0
水稻 出现 早 穗 现象 的 预防措施,水稻 穗 发芽 的 成因 与 预防措施,0
稻飞虱 防治 办法 是,水稻 褐 飞 虱 的 防治 方法,0
水稻 的 三性 指 的 是 什么,水稻 的 三性 是 什么,1
更新 种子 处理 药剂 控制 水稻 恶 苗 病,水稻 秧田 出现 了 恶 苗 病 苗 该 怎样 处理,0
稻 纵 卷叶螟 以 弥 雾 或 细 喷雾 为 佳 以 哪 时 防治效果 好,水稻 稻 纵 卷叶螟 如何 防治效果 好,0
确保 玉米 和 水稻 的 生产 安全 防治 灰 飞 虱 抓住 规律 早 动手,水稻 叶 瘟病 的 防治 技术 及 常用 药剂 有 哪些,0
稻 纵 卷叶螟 的 防治 最佳 时间 是 什么 时期,水稻 螟虫 防治 的 最佳 时间 是 什么 时候,0
水稻 徒长 如何 防止,水稻 秧田 期 秧苗 徒长 的 原因 有 哪些 如何 防止,0
水稻 稻瘟病 的 防治 技术,水稻 稻瘟病 的 防治 要点,1
如何 掌握 水稻 晒 田 技巧,水稻 晒 田 有 什么 好处 怎样 掌握 晒 田 的 最佳时期,0
怎样 有效 防治 褐 飞 虱,水稻 褐 飞 虱 的 防治 技术 应 注意 操作,1
如何 识别 水稻 白 叶枯病,如何 识别 水稻 白 叶枯病 怎样 防治,1
水稻 烂秧 咋 防治,水稻 烂秧 病 立枯病 如何 防治,1
水稻 条纹 叶枯病 的 防治 技术 有 哪些,常规 水稻 每亩 大田 机 插 多少 丛 较 适宜,0
什么 药剂 可 防治 稻 纵 卷叶螟,哪些 药剂 可以 防治 水稻 稻 纵 卷叶螟,1
水稻 纹枯病 药剂 防治 最佳时期 和 方法,水稻 缺 锌 有 哪些 症状,0
怎样 识别 水稻 赤 枯 病,水稻 条纹 叶枯病 怎样 识别 与 防治,0
水稻 的 稻瘟病 纹枯病 该 怎么 防治,水稻 稻瘟病 的 发生 及 防治,1
水稻 纹枯病 的 防治 技术 有 哪些,水稻 纹枯病 的 防治 措施,1
水稻 倒伏 是 什么 原因,水稻 生长 后期 倒伏 早衰 贪 青 的 原因 及 防治 方法,1
怎样 防治 稻田 稻飞虱,水稻 稻瘟病 和 稻飞虱 的 防治,1
如何 提高 稻飞虱 防治效果,水稻 稻飞虱 怎么 防治,1
晚稻 后期 怎样 防治 好 稻飞虱,稻飞虱 的 防治 要点,1
稻 杆 潜 蝇 怎么 防治,怎样 利用 水稻 潜 叶 蝇 的 生活 习性 进行 有效 防治,0
水稻 白 叶枯病 的 药剂 防治 措施 有 哪些,防治 水稻 白 叶枯病 的 药剂 有 哪些,1
水稻 螟虫 对 水稻 有 哪些 危害,危害 水稻 的 螟虫 有 哪几种,0
水稻 条纹 叶枯病 危害 有 什么 症状 怎么样 防治,水稻 普通 矮 缩 病 有 什么 症状 怎么样 预防 和 防治,0
水稻 对 水分 缺乏 最 敏感 的 时期 是,水稻 对 水分 缺乏 最 敏感 的 时期 是 哪 一个 时期,1
如何 识别 水稻 二化螟 和 大 螟,水稻 得 了 叶 瘟病 怎么办,0
早稻 纹枯病 如何 防治,水稻 纹枯病 的 防治 方法 有 那些,1
防治 水稻 稻飞虱 和 卷叶螟 的 有效 方法 有 哪些,稻 纵 卷叶螟 是 怎样 为害 的 防治 方法 有 哪些,0
水稻 穗 颈 瘟 的 防治 时间 及 防治 化学 药剂 有 哪些,水稻 二化螟 如何 预防,0
水稻 生产 如何 规避 高温 热害,防御 水稻 高温 热害 要 从 哪几个 方面 着手,1
稻瘟病 和 水稻 螟虫 的 防治 技术,稻瘟病 有 什么 防控 技术 措施,1
水稻 胡麻 斑 病 的 症状 特点 是 什么,水稻 四种 叶 瘟病 与 水稻 胡麻 斑 病 在 水稻 不同 生育期 和 不同 部位 感 病 的 症状 各 有 何 特点,0
水稻 抗 高温 热害 技术 措施,水稻 遭遇 高温 应对 措施 有 哪些,1
水 稻飞虱 防治 技术 有 哪些,什么 是 水稻 直播 栽培 应 注意 哪些 事项,0
怎样 区分 水稻 叶 瘟 和 赤 枯 病,怎样 区别 水稻 二化螟 和 三化螟 的 成虫,0
水稻 稻 纵 卷叶螟 的 为害 及 防治,水稻 稻 纵 卷叶螟 防治 技术,1
水稻 分蘖 末期 的 特点 有 哪些,稻田 养鱼 的 水稻 栽培技术 要点 有 哪些,0
水稻 稻 曲 病 最佳 防治 时期 如何 确定,水稻 稻 曲 病 的 防治 时期,1
水稻 得 了 恶 苗 病 有 什么 效果 好 的 药剂 吗,如何 治疗 水稻 白 叶枯病,0
水稻 抗 高温 热害 技术 措施,水稻 高温 热害 的 防御 措施,1
直 纹 稻苞虫 在 我国 年 发生 几代,稻 纵 卷叶螟 一年 发生 几代,0
水稻 穗 发芽 的 主要 原因 是 什么,水稻 稻 曲 病 哪些 危害,0
稻 纵 卷叶螟 外形 特征 是 什么,稻 纵 卷叶螟 生活 习性 是 什么,0
怎么 防治 稻 纵 卷叶螟,水稻 稻 纵 卷叶螟 及其 防治,1
水稻 条纹 叶枯病 水稻 黑 条 矮 缩 病 的 传毒 媒介 是 哪 一种 害虫,如何 防治 水稻 的 条纹 叶枯病,0
如何 识别 水稻 低温 冷害 症状,水稻 倒伏 之后 如何 补救,0
水稻 早衰 植株 的 发生 原因 及 防治 措施,如何 搞好 水稻 秧田 和 直播 田 的 杂草 防除,0
水稻 的 三性 指 的 是 哪 三性,水稻 的 三性 是 指 哪 三性,1
水稻 白 叶枯病 为害 症状 怎样,黑 尾 叶蝉 为害 症状 有 哪些,0
水稻 缺 氮 缺 磷 症状 是 什么,水稻 缺 氮 缺 磷 缺 钾 各 有 什么 症状,1
禾苗 卷叶虫 用 什么 药 可 防治,稻 纵 卷叶螟 用 哪些 农药 防治效果 好,1
水稻 烂秧 防治 技术,水稻 育秧 期间 发生 烂秧 如何 早 防治,1
水稻 遭遇 高温 应对 措施 有 哪些,水稻 发芽 最低气温 是 多少,0
对 稻瘟病 采取 哪些 措施 防治,水稻 稻瘟病 防治 技术 要点,1
怎样 防治 水稻 早 穗,水稻 早 穗 该 如何 补救,1
如何 防治 稻瘟病,水稻 的 稻瘟病 防治 方法,1
怎样 防治 二化螟 和 稻飞虱,水 稻飞虱 防治 技术 有 哪些,1
水稻 稻飞虱 的 发生 与 防治,水稻 稻飞虱 防治 方法,1
如何 加强 水稻 高温 热害 预防,最近 都 是 高温 天气 请问 水稻 如何 防范 高温 热害,0
水稻 恶 苗 病防治 方法,水稻 稻飞虱 的 危害 及 防治,0
机 插 水稻 怎样 施肥,水稻 穗肥 什么 时候 施 怎么样 施,0
用 什么 药剂 防治 稻飞虱,水稻 白背飞虱 用 什么 农药 防治,0
问 水稻 出现 早 穗 现象 请问 是 什么 原因,水稻 出现 白 穗 是 什么 原因 造成 的 该 怎么办,0
景谷 县 水稻 恶 苗 病 的 防治 措施,水稻 恶 苗 病 的 防治 技术 意见,1
水稻 稻瘟病 有 哪些 绿色 防治 方法,水稻 稻瘟病 的 发生 及 防治,1
水稻 条纹 叶枯病 症状 与 防治,稻谷 和 大米 的 主要 贮藏 技术 有 哪些,0
稻 纵 卷叶螟 是 怎样 为害 的 防治 方法 有 哪些,水稻 干 尖 线虫病 种子 处理 可 预防,0
水稻 褐 飞 虱 的 发病 规律 如何 防治,水稻 贪 青 原因 及 防治 技术,0
水稻 高温 热害 的 防控 技术,高温 对 水稻 的 热害 影响 如何 预防,0
如何 解决 直播 水稻 田间 杂草 稻 问题,水稻 直播 苗期 杂草 防除 技术,1
用 什么 药剂 防治 稻飞虱,防治 稻飞虱 的 特效药 有 哪些,1
水稻 分蘖 太 少 怎么办,水稻 白 穗 多 该 怎么 处理,0
哪些因素 影响 水稻 分蘖,影响 水稻 结实率 的 因素 有 哪些,0
水稻 灰 飞 虱 的 特点 及 防治,如何 防治 水稻 稻 水 螟,0
水稻 为什么 会 出现 白 穗 现象,有 种粮 户 询问 水稻 出现 早 穗 现象 是 什么 原因 造成,0
水稻 稻瘟病 的 症状 表现 如何 防治,稻瘟病 的 主要症状 是 什么,1
水稻 窄 条斑 病防治,如何 防治 水稻 烂秧,0
水稻 发生 分蘖 的 最低气温 是 多少度,水稻种子 发芽 的 最低温度 是 多少,0
水稻 稻瘟病 怎样 科学 预防 绿色 防治,如何 识别 与 防治 水稻 细菌性 褐 条 病,0
水稻 收获 后 水分 少于 多少 才能 贮藏,水稻种子 收获 后 贮藏 要 注意 什么,0
稻田 螟虫 发生 的 条件,影响 水稻 分蘖 发生 的 主要 条件 有 哪些,0
水稻 烂秧 早 防治,水稻 烂秧 有 那些 防治 措施,1
稻 纵 卷叶螟 年 生 几代,稻 纵 卷叶螟 生长发育 的 适宜 温湿度 分别 是 多少,0
在 防治 水稻 条纹 叶枯病 中 应 注意 哪 事项,水稻 条纹 叶枯病 如何 综合 防治,1
如何 对 水稻 科学 施肥 配套技术,水稻 应 如何 科学 施肥,1
夏季 水稻 稻飞虱 防治 技术 要点,水稻 稻飞虱 如何 防治,1
晚稻 稻 曲 病 的 防治 最佳时期 是,水稻 稻 曲 病 的 最佳 防治 时期 是 什么 时间,1
怎样 防治 水稻 二化螟,水稻 二化螟 的 防治 策略,1
水稻 黑 条 矮 缩 病 的 发生 及 防治,粳稻 矮 缩 病 的 综合 防治,1
水稻 纹枯病 用 什么 药剂 防治 最 有效,防除 水稻 纹枯病 什么 药 效果 好,1
怎样 对 水稻 进行 晒 田,水稻 为什么 要 晒 田 怎样 晒 田,0
水稻 纹枯病 的 防治,水稻 纹枯病 防治 技术,1
怎么 防治 稻飞虱 的 技术,水稻 扬 花期 如何 防治 稻飞虱,1
怎么样 防治 水稻 基 腐 病,有机 稻 细菌性 基 腐 病 怎么 防治,1
水稻 中后期 如何 合理 施肥,水稻 应该 如何 合理 施肥,1
水稻 氮肥 过量 施用 会 造成 什么 后果,水稻 缺 氮 时 氮肥 施用 过量 症状 有,0
水稻 发生 赤 枯 病 怎么办,水稻 赤 枯 病防治 措施,1
水稻 稻 直 鬃 蓟马 稻蓟马 的 危害 及 防治,水稻 稻蓟马 的 综合 防治,1
水稻 品种 生育 时期 由 什么 因子 决定,水稻 品种 混杂 退化 的 主要 原因 是 什么,0
稻 曲 病 的 症状 表现 和 防治 方法 有 哪些,晚稻 一般 什么 时间 播种,0
水稻 灌浆 期 如何 防治 稻飞虱,水稻 稻瘟病 和 稻飞虱 的 防治,1
水稻 怎样 避免 高温 热害,高温 天气 如何 预防 水稻 高温 热害,1
储存 杂交 水稻种子 要 注意 哪些 问题,水稻 抛秧 育秧 技术,0
水稻 机 插秧 育秧 技术,水稻 机 插秧 育苗 操作规程,1
盐碱地 种植 水稻 在 施肥 上 要 注意 哪些 问题,水稻 烂秧 有 那些 症状,0
禾苗 有 稻 纵 卷叶螟 怎样 处理,水稻 白化病 的 成因,0
水稻 扬 花期 如何 防治 稻飞虱,水稻 稻飞虱 如何 防治,1
为什么 插秧 后 秧苗 迟迟 不 分蘖,为什么 水稻 机 插秧 栽 后 返青 缓 苗期 较 常规 手 插秧 长,0
水稻 褐 飞 虱 有 哪些 形态 特征,褐 飞 虱 的 典型 形态 特征 有 哪些,1
水稻 产生 药害 的 判断 方法,水稻 除草剂 产生 药害 的 原因,0
水稻 条纹 叶枯病 是 由 什么 虫 传播 的 一种 病毒 病,水稻 条纹 叶枯病 水稻 黑 条 矮 缩 病 的 传毒 媒介 是 哪 种 害虫,1
水稻 苗期 怎样 防止 低温 冷害 的 发生,水稻 缺 钾 时 表现,0
水稻 抽穗期 稻 曲 病 和 稻瘟病 防治 技术,水稻 稻瘟病 防治 要点,1
稻瘟病 的 发病 条件,水稻 恶 苗 病 的 的 发病 条件 及 如何 防治,0
水稻 三化螟 和 水稻 二化螟 在 为害 水稻 特征 上 有 什么 不同,水稻 三化螟 除 为害 水稻 外 还 为害 什么 作物,0
水稻 稻飞虱 的 发生 与 防治,水稻 条纹 叶枯病 的 防治 与 对策,0
水稻 收获 适 期 是 什么 时候,水稻 的 适时 收割期 是 什么 时候,1
水稻 纹枯病 咋 防治,水稻 纹枯病 的 综合 防治 措施 有 哪些,1
水稻 中 制 易 发生 稻 曲 病 何时 防治 为 最好,防治 稻 曲 病 的 关键时期 是 什么 时候,1
如何 识别 水稻 稻飞虱,稻飞虱 如何 识别,1
水稻 恶 苗 病 是 怎样 发生 的 怎样 预防,问 水稻 条纹 叶枯病 怎样 识别 与 防治,0
水稻 白化 苗 产生 的 原因 与 防治 措施,水稻 秧苗 白化 是 什么 原因 造成 的,1
如何 防治 水稻 稻瘟病,黑龙江 水稻 低温 防治 稻瘟病,1
水稻 出现 白 穗 是 什么 原因 造成 的 该 怎么办,水稻 出现 早 穗 现象 是 什么 原因 造成,0
中稻 遇 高温 有 哪些 预防措施,农作物 高温 热害 如何 防范,1
水稻 赤 枯 病 什么 症状,水稻 赤 枯 病 的 症状 及 防治 方法,1
水稻 灌浆 期 如何 防治 稻飞虱,稻飞虱 的 防治 要点,1
稻 白 叶枯病 的 综合 防治 措施,水稻 条纹 叶枯病 的 综合 防治 措施 有 哪些,0
水稻 稻 曲 病 综合 防治 技术 要点,稻 曲 病 发病 重 应 如何 抓好 防治,1
水稻 稻 曲 病 怎么 防治,稻 曲 病 发生 后 如何 治疗,1
稻田 红 根 稗 草 的 防治 方法,水稻 本田 稗 草 应选 用 的 除草剂 及 施药 方法 是 什么,0
如何 防治 水稻 倒伏,水稻 倒伏 了 该 怎么办,1
如何 防治 水稻 穗 颈 瘟病,怎样 防治 水稻 穗 颈 瘟,1
如何 防治 水稻 稻 负 泥 虫,怎样 防治 水稻 上 的 负 泥 虫,1
水稻 白 叶枯病 的 防治 措施 有 哪些,水稻 白 叶枯病 的 发病 条件 是 什么,0
水稻 条纹 叶枯病 的 防治 技术,水稻 条纹 叶枯病 的 防治 技术 有 哪些,1
什么 可以 影响 水稻 产量,水稻 产量 是 受 哪些因素 所 决定 的,1
防治 水稻 条纹 叶枯病 的 对 路 药物 有 哪些,水稻 条纹 叶枯病 的 防治 技术 有 哪些,0
水稻 稻 负 泥 虫 的 有效 防治 方法 有 哪些,水稻 负 泥 虫 的 防治,1
制约 水稻 产量 提高 的 主要 因素 有 哪些,水稻 的 产量 构成 因素 有 哪些,1
稻 纵 卷叶螟 危害 苗 的 形态 特征 主要 是 什么,危害 水稻 的 三化螟 的 形态 特征 是 什么 如何 进行 辨识,0
稻瘟病 有 哪些 症状 如何 防治,稻瘟病 的 主要症状 是 什么,1
水稻 恶 苗 病 有 哪些 症状 如何 防治,水稻 恶 苗 病 的 苗期 症状 有 哪些,1
水稻 胡麻 斑 病 有 何 症状,水稻 胡麻 斑 病 的 症状 特点 是 什么,1
水稻 潜 叶 蝇 的 化学防治 措施 有 哪些,水稻 白 叶枯病 的 农业 防治 措施 有 哪些,0
水稻 纹枯病 的 防治 方法 有 那些,水稻 纹枯病 防治,1
水稻 稻 直 鬃 蓟马 稻蓟马 的 危害 及 防治,稻田 蓟马 的 发生 条件 及 防治,1
水稻 纹枯病 发生 有 什么 特点,水稻 纹枯病 的 发生 有 什么 特点,1
中稻 遇 高温 有 哪些 预防措施,防御 水稻 高温 热害 的 措施 有 哪些,1
更新 种子 处理 药剂 控制 水稻 恶 苗 病,水稻 恶 苗 病 的 发生 与 种子 处理,0
水稻 纹枯病 药剂 防治 指标 是 多少,水稻 纹枯病 防治 指标 有 哪些,1
水稻 的 产量 潜力 有 多 大,影响 水稻 产量 的 因素 有 哪些,0
水稻 恶 苗 病 的 防治 须知,防治 水稻 恶 苗 病 最 经济 有效 的 方法 是 什么,1
水稻 怎样 适度 晒 田,稻秆 潜 蝇 的 发生 与 防治,0
如何 诊断 稻 白 叶枯病,如何 从 症状 上 区分 水稻 细菌性 条斑 病 与 水稻 白 叶枯病,0
水稻 稻瘟病 怎样 科学 预防 绿色 防治,水稻 纹枯病 的 识别方法,0
水稻 发生 大面积 倒伏 怎样 补救,水稻 立枯病 发生 的 原因 是 什么,0
稻 纵 卷叶螟 三 四五 龄 幼虫 怎样 防治,水稻 哪个 时期 是 稻 纵 卷叶螟 化学防治 的 关键时期 几 龄 幼虫 高峰期 是 防治 适 期,0
水稻 稻飞虱 的 发生 与 防治,稻飞虱 防治,1
怎样 有效 防治 褐 飞 虱,水稻 褐 飞 虱 的 发生 规律 是 什么 怎样 针对性 防治,0
稻苗 为什么 会 烂秧,为什么 水稻 机 插秧 栽 后 返青 缓 苗期 较 常规 手 插秧 长,0
水稻 白 穗 的 原因 及 防治 方法,水稻 肥 床 旱育稀植 技术,0
氢氧化铜 可以 防治 稻 曲 病 和 稻瘟病 吗,防治 水稻 纹枯病 稻瘟病 稻飞虱 和 螟虫 的 药剂 可以 混用 吗,0
水稻 品种 生育 时期 是 由 哪些 因子 决定 的,水稻 品种 生育 时期 由 什么 因子 决定,1
水稻 胡麻 叶斑病 是 什么 症状,水稻 优良品种 应 具备 的 条件 是 什么,0
水稻 倒伏 后 的 管理 措施 有 哪些,水稻 倒伏 应对 措施,1
水稻 除草剂 产生 药害 如何 补救,水稻 除草剂 药害 如何 补救,1
怎样 适时 用 足 高效 药 防治 稻 曲 病,防治 稻 曲 病 的 最佳时期 是 什么 时候,1
对 稻瘟病 采取 哪些 措施 防治,水稻 发生 干 尖 线虫病 时 采取 哪些 防治 措施,0
水稻 后期 出现 零星 的 稻 曲 病 怎么 防治,水稻 稻 曲 病 的 最佳 防治 适 期 是 什么 时候,0
水稻 条纹 叶枯病 是 由 什么 虫 传播 的 一种 病毒 病,水稻 条纹 叶枯病 水稻 黑 条 矮 缩 病 的 传毒 媒介 害虫 是 什么,1
水稻 品种 生育 时期 由 哪些 因子 来 决定,水稻 产量 由 哪些因素 决定,0
什么 叫 水稻 障碍 型 冷害,什么 是 水稻 障碍性 冷害 怎么 避免,1
稻 曲 病 的 初侵染 来源 是 什么,水稻 稻 曲 病 的 主要症状 是 什么 如何 防治,0
水稻 除草剂 药害 怎样 补救,水稻田 发生 除草剂 药害 时 如何 应对,1
稻瘟病 和 水稻 螟虫 的 防治 技术,防治 水稻 稻瘟病 有 哪些 要 注意 的 问题,1
稻 水 象 甲 成虫 主要 形态 特征 是 什么,涝 后 水稻 易发 稻瘟病 纹枯病 怎么 防治,0
水 稻瘟病 防治 方法,稻瘟病 怎 防治,1
水稻 纹枯病 怎样 综合 防治,水稻 纹枯病 的 症状 是 什么 怎样 防治,0
水稻 直播 用 什么 除草剂,水稻 直播 苗期 杂草 防除 技术,1
夏季 水稻 稻飞虱 防治 技术 要点,水 稻飞虱 如何 防治,1
喷施 多 效 唑 防止 水稻 徒长 在 什么 时 效果 好,水稻 稻飞虱 在 什么 时间 防治效果 最好,0
稻 纵 卷叶螟 防治 技术 有 哪些,用于 防治 稻 纵 卷叶螟 的 最新 的 药剂 有 哪些,0
水稻 早 穗 是 哪些 原因 造成,水稻 早 穗 的 原因,1
水稻 胡麻 斑 病 与 稻瘟病 在 症状 上 有 何 异同 点,水稻 四种 叶 瘟病 与 水稻 胡麻 斑 病 叶片 上 斑 病 的 形状 颜色 有 什么 不同,0
禾苗 卷叶虫 用 什么 药 可 防治,稻瘟病 的 防治 方法,0
有 哪些 措施 能 控制 稻飞虱 的 发生,水稻 后期 裼 飞 虱 怎么 防治,1
水稻 立枯病 和 青枯病 防治 技术,水稻 苗期 立枯病 如何 防治,1
对 稻瘟病 采取 哪些 措施 防治,稻瘟病 和 水稻 螟虫 的 防治 技术,1
水稻 条纹 叶枯病 是 由 哪 种 害虫 传播 的 病毒 病,水稻 条纹 叶枯病 水稻 黑 条 矮 缩 病 的 传毒 媒介 是 哪 一种 害虫,1
水稻 三化螟 的 防治 方法,灾 后 水稻 三化螟 的 防治,1
大龄 稻 纵 卷叶螟 用 什么 药剂 防治 比较 好,稻 纵 卷叶虫 如何 选用 农药,1
水稻 烂秧 的 原因 及 防治 方法,如何 治疗 水稻 叶 尖 枯 病,0
影响 水稻 分蘖 有 哪些 主要 因素,水稻 稻 曲 病 的 防治 时期,0
早稻 为什么 烂 种 烂秧,水稻 育秧 烂 种 烂秧 是 什么 原因,1
水稻 细菌性 条斑 病 咋 防治,水稻 细菌性 条斑 病防治 方法 有 哪些,1
水稻 稻 曲 病 在 什么 时期 防治 最好,防治 水稻 稻 曲 病 适宜 期 在 什么 时候 用药,1
水稻 白 叶枯病 的 防治 措施 有 哪些,水稻 白 叶枯病 的 药剂 防治 措施 有 哪些,0
如何 防治 水稻 抛 栽 的 后期 倒伏,水稻 倒伏 怎么办,1
水稻 二化螟 的 防治,水稻 二化螟 虫 如何 防治,1
水稻 免耕 直播 注意 什么,如何 区分 稗 草 和 水稻,0
水稻 三化螟 是 怎样 越冬 的,水稻种子 如何 处理,0
晚稻 稻 曲 病 的 防治 最佳时期 是,防治 稻 曲 病 的 关键时期 是 什么 时候,1
水稻 缺 锌 症 的 防治 技术 有 哪些,水稻 褐 飞 虱 的 防治 技术 有 哪些,0
夏季 水稻 稻飞虱 防治 技术 要点,水稻 稻飞虱 怎么 防治,1
预防 水稻 倒伏 有 什么 好 措施,怎么样 防治 水稻 矮 缩 病,0
水稻 二化螟 的 防治 策略 是 什么,水稻 二化螟 综合 防治 技术,1
苯醚 甲 环 唑 丙 环 唑 乳油 防治 水稻 纹枯病 效果,咪 鲜 胺 噻 呋 酰胺 悬浮剂 对 水稻 纹枯病 的 防治效果,0
如何 治疗 水稻 霜霉病,如何 治疗 水稻 细菌性 条斑 病,0
水稻 稻飞虱 的 发生 规律 及 防治 方法,稻飞虱 的 发生 有 何 特点 了解 这些 对 生产实践 有 何 指导意义,1
早春 如何 防止 水稻 烂秧,在 防治 水稻 条纹 叶枯病 中 应 注意 哪 事项,0
如何 防治 稻 水 象 甲,如何 防治 水稻 穗 期 高温 天气 导致 的 花 而 不 实现 象,0
水稻 稻 纵 卷叶螟 的 识别 和 防治,水稻 稻 纵 卷叶螟 的 为害 及 防治,0
温度 对 水稻 分蘖力 的 影响,影响 水稻 分蘖 发生 的 因素 有 哪些,0
水稻 良种 为什么 会 退化,水稻 为什么 会 缺 钾 发 赤 有 哪些 防治 措施,0
稻田 如何 养鱼,养鱼 稻田 如何 栽插 水稻,0
水稻 旱育稀植 技术 操作 要点,有机 水稻 种植 稻 鸭 共 作 的 技术 要点 是 什么,0
多种 药剂 防治 水稻 稻 纵 卷叶螟 药效 对比 研究,稻 纵 卷叶螟 用 哪些 农药 防治效果 好,1
直播 应选 用 什么样 的 水稻 品种,直播 田 用 什么 水稻 品种 好,1
在 干旱 缺水 情况 下 要 怎样 育 足 水稻 秧苗,水稻 旱 育秧 发生 苗 徒长 怎么办,0
如何 分辨 水稻 药害,请问 如何 辨别 水稻 农药 的 药害,1
如何 识别 稻 纵 卷叶螟,稻 纵 卷叶螟 的 幼虫 如何 识别,1
如何 识别 和 防治 水稻 纹枯病,水稻 纹枯病 的 识别 和 防治 措施,1
白背飞虱 可以 传播 哪些 水稻 病毒 病,水稻 条纹 叶枯病 是 一种 由 什么 飞 虱 传播 的 病毒 病,0
水稻 稻 曲 病防治 时间 如何 把握,稻 曲 病 要 于 水稻 抽穗 前 多少 天 用 药剂 预防,1
水稻 稻 曲 病防治 适 期 是 在 破口 前 多少 天,水稻 稻 曲 病 的 最佳 防治 适 期 是 什么 时候,0
防治 稻 纵 卷叶螟 什么 时间 施药 最佳,水稻 纹枯病 的 识别 与 防治,0
怎样 防治 水稻 恶 苗 病,水稻 恶 苗 病 的 防治 方法,1
水稻 稻 纵 卷叶螟 防治 的 最佳时期 是 在 什么 时候,水稻 稻 曲 病 的 最佳 防治 时期 是 什么 时间,0
水稻 叶枕 瘟 如何 防治,水稻 细菌性 褐 条 病 有 哪些 症状,0
水稻 怎样 适度 晒 田,水稻 赤 枯 病 怎么 防治,0
如何 防治 水稻 恶 苗 病,水稻 恶 苗 病 最 有效 的 防治 方法 有 哪些,1
水稻 白化病 的 发生 与 防治 技术,水稻 纹枯病 的 发生 特点 及 防治 技术,0
怎样 区别 水稻 二化螟 和 三化螟 的 成虫,二化螟 的 幼虫 危害 水稻 的 症状 有 哪些,0
为什么 机 插秧 栽 后 返青 缓 苗期 较 常规 手 插秧 长,水稻 机 插秧 返青 有 什么 办法,1
如何 防治 南方 水稻 的 黑 条 矮 缩 病,水稻 南方 黑 条 矮 缩 病 的 防治 方法,1
水稻 条纹 叶枯病 的 防治 技术 有 哪些,水稻 条纹 叶枯病 防治 药剂 目前 主要 有 哪些,0
如何 确定 水稻 播种期,确定 水稻 适宜 播种期 的 主要 依据 是 什么,0
水稻 秧苗 坐 蔸 与 土壤 缺 锌 有关 吗,稻 曲 病菌 主要 以 什么 形式 越冬,0
水稻 二化螟 如何 预防,稻 曲 病 的 发生 很 严重 在 什么 时期 防治效果 最好,0
农药 中毒 怎样 处理,水稻 秧田 出现 了 恶 苗 病 苗 该 怎样 处理,0
褐 飞 虱 什么 型 数量 急剧 增多 是 造成 严重危害 的 预兆,灰 飞 虱 除 危害 水稻 外 还 危害 哪些 作物 危害 的 特征 特性 是 什么,0
怎样 防御 水稻 高温 热害,水稻 孕穗 抽穗期 如 高温 热害 最佳 减灾 措施 有 哪些,1
水稻 白 叶枯病 化学防治 方法 有 哪些,水稻 白 叶枯病 怎么 防治 水稻 白 枯叶 病 的 防治,1
水稻 褐 飞 虱 的 防治 技术 有 哪些,中稻 遇 高温 有 哪些 预防措施,0
在 干旱 缺水 情况 下 水稻 如何 育秧,在 旱 育秧 前 水稻种子 浸种 多长时间 为 宜,0
水稻 恶 苗 病 发生 与 防治,水稻 稻瘟病 的 发生 与 有效 防治 方法,0
稻瘟病 的 防治 技巧,水稻 恶 苗 病 的 防治 技术 意见,0
水稻 白化 苗 发生 原因 如何 防治,水稻 白化 苗 是 什么 原因 造成 的,1
稻飞虱 的 防治 方法,水稻 恶 苗 病 怎样 防治,0
如何 预防 水稻 苗床 立枯病 发生,如何 预防 水稻 细菌性 褐斑病 的 发生,0
水稻 缺 锌 型 赤 枯 病 的 症状 及 防治 方法,水稻 赤 枯 病症状 有 哪些,1
水稻 高温 热害 的 防控 技术,防御 水稻 高温 热害 的 方法 有 哪些,1
水稻 白 叶枯病 发生 与 防治 方法,水稻 白 叶枯病 如何 防治,1
水稻 稻瘟病 的 发生 与 有效 防治 方法,水稻 稻瘟病 防治 技术 要点,1
水稻 得 了 干 尖 线虫病 如何 防治,水稻 干 尖 线虫病 的 症状 及 防治 方法,0
水稻 条纹 叶枯病 由 哪 种 病菌 引起 的,水稻 条纹 叶枯病 是 由 哪 种 害虫 传播 的 病毒 病,0
水稻 抽穗期 稻 曲 病 和 稻瘟病 防治 技术,水稻 稻瘟病 的 防治 要点,1
水稻 纹枯病 的 识别 及 防治,水稻 纹枯病 症状 识别 及 防治 方法,0
水稻 烂秧 病 的 七项 防治 措施,水稻 恶 苗 病 的 防治 措施,0
水稻 分蘖 最低气温 是 多少度 最适 气温 多少度,水稻 分蘖期 适宜 的 气温 是 多少,0
如何 识别 稻 纵 卷叶螟,稻 纵 卷叶螟 的 形态 特征 如何 防治,0
水稻 白背飞虱 用 什么 农药 防治,水稻 褐 飞 虱 和 白背飞虱 有 什么 区别 如何 用药,0
稻瘟病 只 在 水稻 上 发生 吗,水稻 稻瘟病 发生 症状,0
如何 治疗 水稻 白 叶枯病,水稻 怎样 防治 白 叶枯病,1
水稻 干 尖 线虫病 如何 预防,水稻 干 尖 线虫病 如何 防治 好,0
水稻 出现 早 穗 现象 请问 有 哪些 原因 造成,水稻 发生 早 穗 的 主要 原因 是 什么,1
水稻 纹枯病 的 防治 措施 有 哪些,水稻 纹枯病 防治,1
月 日 稻 纵 卷叶螟 亩 蛾 量 为 头 左右 需要 防治 吗,如何 预防 水稻 贪 青,0
水稻 白 叶枯病 和 水稻 叶枯病 有 什么 相同 和 不同之处,水稻 白 叶枯病 发病 条件 如何,0
水稻 白 叶枯病 造成 田里 水稻 大部分 叶 尖 枯黄 怎么 防治,怎样 区分 水稻 白 叶枯病 各种类型 怎样 防治,0
水稻 倒伏 应对 措施,在 水稻 栽植 过程 中 预防 水稻 倒伏 的 有效 措施 有 哪些,0
水稻 恶 苗 病 病 苗 的 两个 典型 特征 有 哪些,水稻 恶 苗 病 的 发生 因素 有 哪些,0
水稻 纵 卷叶螟 如何 防治,稻 纵 卷叶螟 发生 时间 长 有 什么 防治 方法,1
水稻 为什么 会 重金属 超标,如何 防止 直播 水稻 倒伏,0
水稻 颖 枯 病 的 防治 措施 有 哪些,水稻 颖 枯 病防治 技术,1
水稻 二化螟 的 几种 防治 措施,水稻 二化螟 的 防治 策略 是 什么,1
水稻 扬 花期 如何 预防 高温 热害,预防 水稻 高温 热害 措施 有 哪些,1
怎样 防治 水稻 条纹 叶枯病,水稻 条纹 叶枯病 发生 与 防治,1
怎样 防治 水稻 稻 曲 病,水稻 稻 曲 病 的 防治 方法 有 那些,1
水稻 高温 热害 防治 技术 措施,预防 水稻 高温 热害 措施 有 哪些,0
水稻 白 叶枯病 的 综合 防治 技术,水稻 白 叶枯病 的 防治 措施 有 哪些,1
加强 对 水稻 负 泥 虫 的 认识 和 防治,水稻 负 泥 虫 的 防治 方法,1
水稻 霜霉病 的 病原菌 是 什么,如何 防治 水稻 稻 水 螟,0
什么 药剂 可 防治 稻 纵 卷叶螟,防治 水稻 稻 纵 卷叶螟 比较 好 的 药剂 是 什么,1
如何 识别 水稻 烂秧 病,怎样 识别 水稻 烂秧 病,1
水稻 烂秧 病防治 措施 有 哪些,北方 水稻 稻 曲 病 的 认 别 与 防治 措施 有 哪些,0
水稻 缺 锌 型 赤 枯 病 的 症状 及 防治 方法,晚稻 稻 曲 病 的 防治 最佳时期 是,0
水稻 烂秧 如何 防治,加强 对 水稻 负 泥 虫 的 认识 和 防治,0
水稻 恶 苗 病 发病 特征 是 仕 么,水稻 恶 苗 病 病 苗 的 两个 典型 特征 有 哪些,1
防治 稻 曲 病 的 关键时期 是 什么 时候,预防 稻 曲 病 的 药 什么 时间 打 效果 最好,1
什么 可以 影响 水稻 产量,水稻 产量 的 构成 要素 有 哪些,1
水稻 应该 如何 合理 施肥,水稻 正确 施肥 方法,1
水稻 纹枯病 如何 识别 和 防治,水稻 纹枯病 的 识别 与 防治 技术,1
水稻 三化螟 在 水稻 那个 部位 产卵,水稻 如何 防治 恶 苗 病,0
水稻 白 叶枯病 怎么 防治,水稻 白 叶枯病 的 防治 技术,1
稻秆 潜 蝇 如何 防治,水稻 僵 苗 又 叫 坐 蔸 主要 由 什么 引起 的,0
水稻 育苗 为什么 浸种,水稻 育苗 前 为什么 晒种,0
造成 水稻 秧苗 徒长 的 原因 有 哪些,水稻 什么 时期 缺水 对 产量 影响 大,0
水稻 稻 曲 病 什么 时机 防 好,稻 曲 病 要 于 水稻 抽穗 前 多少 天 用 药剂 预防,1
水稻 基 腐 病症状 及 防治 措施,水稻 细菌性 基 腐 病 发生 症状,1
水稻 烂秧 可以 防治 吗,水稻 叶蝉 用 什么 药 防治,0
如何 提前 防止 水稻 倒伏,水稻 褐 飞 虱 的 防治 方法,0
水稻 胡麻 斑 病 的 防治 方法 有 哪些,水稻 稻飞虱 的 危害 及 防治,0
单季稻 高温 热害 防范措施,有效 的 水稻 高温 热害 防控 技术 措施 有 哪些,1
水稻 秧田 发生 药害 怎么办,水稻 除草剂 产生 药害 如何 补救,1
水稻 甬 优 系列 组合 在 海拔 较 高 区域 稻 曲 病 发生 重 的 原因,稻 曲 病 的 发病 原因 及 防治 方法,1
水稻 直播 田 千金子 怎样 防除,水稻 三性 特点,0
水稻 基 腐 病 的 病原菌 是 什么,水稻 细菌性 条斑 病 的 病原菌 是 什么 如何 防治,0
水稻 条纹 叶枯病 的 防治 措施,如何 防止 水稻 发生 药害,0
浸种 水稻 发生 恶 苗 病 原因 分析,水稻 恶 苗 病 的 发生 原因 是 什么,0
水稻 浸种 催芽 前 为何 要 晒种,杂交 水稻种子 与 常规 水稻种子 在 浸种 催芽 上 有 何 区别,0
如何 正确 防治 水稻 稻 曲 病,水稻 稻 曲 病 最佳 防治 时期 如何 确定,0
南方 水稻 黑 条 矮 缩 病 的 识别 与 防治,如何 识别 水稻 南方 黑 条 矮 缩 病,1
低 山 深 丘 区 如何 预防 稻 曲 病,稻田 养鸭 的 相关 技术 有 哪些,0
水稻 遭受 污水 灌溉 后 有 什么 症状,水稻 稻 曲 病 有 什么 症状,0
水稻 正确 施肥 方法,稻 水 象 甲 成虫 怎样 越冬,0
水稻 恶 苗 病 的 发病 条件,水稻 纹枯病 的 发病 条件 有 哪些,0
水稻 稻 曲 病 用 什么 药剂 防治,防治 水稻 稻 曲 病 的 高效 对 路 药物 是 哪 种,1
如何 提高 稻飞虱 防治效果,水稻 扬 花期 如何 防治 稻飞虱,1
水稻田 里 的 青苔 如何 防除,水稻田 青苔 化学防治 技术,1
水稻 苗期 稻瘟病 如何 防治,水稻 千金子 防治 方法,0
高温 天气 如何 预防 水稻 高温 热害,高温 天气 如何 预防 水稻 早衰 提高 早稻 产量,0
水稻 徒长 怎么 补救,水稻 除草剂 药害 怎样 补救,0
稻 水 象 甲 是 检疫 对象 吗 怎么 防治,水稻田 里 野 荸荠 用 什么 药 防治,0
如何 治疗 水稻 细菌性 条斑 病,如何 正确 施用 水稻 分蘖 肥 穗肥 粒肥,0
水稻 培育 壮秧 关键技术,水稻 旱育稀植 关键技术 措施,0
稻田 生态 养鸭 的 饲养 管理 技术,机 插 水稻 的 大田 管理 原理 与 技术,0
水稻 机 插秧 大棚 育秧 技术 要点 有 哪些,水稻 机 插秧 育苗 技术,1
怎样 预防 水稻 立枯病,水稻 苗期 立枯病 的 预防措施,1
水稻 恶 苗 病 的 防治 技术 意见,水稻 恶 苗 病 的 预防 与 控制技术,0
水稻 烂秧 及 防治 方法,水稻 烂秧 病防治 措施 有 哪些,1
水稻 机 插秧 应 注意 什么,目前 常用 的 水稻 机 插秧 的 育秧 方式 有 几种 各 有 什么 优缺点,0
在 水稻 栽植 过程 中 预防 水稻 倒伏 的 有效 措施 有 哪些,水稻 倒伏 的 预防 及 倒伏 后 的 补救措施,1
水稻 秧苗 立枯病 如何 防治,如何 预防 水稻 苗床 立枯病 发生,0
水 稻瘟病 常用 的 药剂 有 什么,防治 稻瘟病 效果 最好 的 药剂 是 什么,1
水稻 二化螟 该 怎样 防,水稻 螟虫 防治 方法 有 哪些,0
如何 自制 农药 防 稻瘟病,水稻 稻瘟病 有 哪些 症状 如何 防治,0
水稻 稻瘟病 的 防治 要点,涝 后 水稻 易发 稻瘟病 纹枯病 怎么 防治,1
水稻 矮 缩 病 综合 防治 技术,二代 灰 飞 虱 及 水稻 病毒 病 发生 趋势,0
早春 水稻 育苗 防 烂秧,水稻 育秧 烂秧 死苗 防治 方法,0
有机 水稻 种植 稻 鸭 共 作 的 技术 要点 是 什么,利用 诱 虫 植物 诱杀 水稻 螟虫 的 技术 要点 是 什么,0
水稻 叶 瘟病 的 症状 是 什么,水稻 稻 曲 病 的 主要症状 是 什么 如何 防治,0
水稻 一生 中 有 哪些 病虫害,为什么 三化螟 田间 很 难 见到,0
水稻 倒伏 原因 有 哪些,水稻 品种 混杂 退化 的 原因 有 哪些,0
怎样 确定 水稻 破口 前天,水稻 细条 斑 病害 怎么样 用 化学 药剂 提前 预防,0
如何 开展 稻飞虱 的 预报 工作,如何 做好 水稻 稻 曲 病 的 防治 工作,0
水稻 的 稻瘟病 纹枯病 该 怎么 防治,水稻 条纹 叶枯病 的 主要症状 是 什么 如何 防治,0
制约 水稻 产量 提高 的 主要 因素 有 哪些,影响 水稻 产量 的 因素 有 哪些,1
碱式 硫酸铜 能否 防治 水稻 稻 曲 病,稻 曲 病 是 怎么回事 防治 方法 有 哪些,1
水稻 稻飞虱 发生 规律,水稻 稻飞虱 的 发生 规律 及 防治 方法,1
水稻 稻蓟马 的 综合 防治,稻蓟马 如何 防治,1
水稻 什么 时期 缺水 对 产量 影响 最大,水稻 低温 冷害 的 类型 有 哪些 如何 防止 水稻 低温 冷害,0
水稻 黑 条 矮 缩 病 如何 防治,水稻 黑 条 矮 缩 病 的 发生 及 防治,1
药剂 防治 稻 曲 病 的 适 期 在 何时,防治 水稻 稻 曲 病 什么 时候 防治 最佳,1
水稻 二化螟 虫 如何 防治,水稻 烂秧 可以 防治 吗,0
怎样 防除 稻田 千金子,怎样 防除 水稻田 三棱 草,0
水稻 出现 白化 苗 新叶 及 老叶 同时 白化 是 什么 原因 造成 的,水稻 苗 叶 白化 是 什么 原因,1
怎么 防治 水稻 二化螟,灾 后 水稻 二化螟 的 防治,1
防治 水稻 螟虫 怎么办,水稻 稻 水 螟 药 怎么 防治,0
水稻 直播 如何 有效 防除 杂草,直播 稻田 的 杂草 如何 防治,1
水稻 稻瘟病 防治,涝 后 水稻 易发 稻瘟病 纹枯病 怎么 防治,1
如何 搞好 水稻 分蘖期 田间管理,水稻 分蘖期 田间管理 技术,1
怎样才能 消除 水稻 除草剂 药害,怎样 辨别 水稻 霜霉病 与 除草剂 药害 呢,0
怎样 防治 水稻 颖 枯 病,水稻 细菌性 条斑 病 的 症状 有 何 特点,0
水稻 细菌性 基 腐 病 的 预防 与 治理,稻苗 为什么 会 烂秧,0
稻瘟病 有 哪些 症状 如何 防治,稻瘟病 的 病状 是 什么,1
水稻 秧田 期 秧苗 徒长 的 原因 有 哪些 如何 防止,水稻 结实 期 贪 青 迟 熟 的 原因 有 哪些 如何 防止,0
水稻 稻瘟病 应该 怎样 防治 有些 什么 症状 特点,水稻 稻瘟病 是 什么 症状,1
水稻 病毒 病 是 什么 原因 引起 的 在 什么 时期 如何 防治效果 最好,造成 稻 曲 病 严重 发生 的 主要 因素 有 哪些,0
如何 防止 水稻 恶 苗 病,怎样 防治 水稻 恶 苗 病,1
水稻 纹枯病 的 农业 防治 方法 有 哪些,水稻 纹枯病 的 防治 方法 有 那些,1
稻田 养鸭 的 相关 技术 有 哪些,稻田 养鱼 的 水稻 栽培技术 要点 有 哪些,0
水稻 细菌性 基 腐 病 的 发生 发展 与 哪些 有 关系,水稻 稻飞虱 农业 及 化学防治 措施,0
水稻 浸种 时 种子消毒 有 什么 好处,水稻 浸种 的 作用 是 什么,1
水稻 二化螟 的 发生 与 防治,水稻 三化螟 发生 动态 及 防治 方法,0
如何 来 防治 水稻 稻瘟病,水稻 的 稻瘟病 防治 方法,1
水稻 秧苗 受 除草剂 药害 后 怎么办,水稻 药害 的 补救 办法,1
稻飞虱 的 防治 指标 是 多少,稻飞虱 防治 指标 多少,1
水稻 稻飞虱 的 综合 防治 方法 有 那些,稻飞虱 怎么 防治,1
水稻 二化螟 怎样 防治,水稻 二化螟 该 怎样 防,0
水稻 稻 水 象 甲 用 什么 药剂 防治效果 最好,水稻 苗期 遭到 稻 象 甲 成虫 为害 用 什么 农药 防治效果 最好,1
怎么样 防治 水稻 基 腐 病,水稻 心 叶 卷曲 水稻 细菌性 基 腐 病 的 防治 方法,1
持续 高温 对 水稻 有 什么 影响,高温 干旱 对 水稻 生产 有 什么 危害,0
如何 识别 水稻 低温 冷害 症状,水稻 障碍 型 冷害 的 症状 是 什么,1
水稻 花叶病 水稻 矮 缩 病 水稻 黄萎病 三种 病害 传毒 介体 昆虫 都 是 叶蝉 类 吗,白背飞虱 与 褐 飞 虱 的 低龄 若虫 怎么 区分,0
水稻 施用 过 多 氮肥 的 危害,水稻 氮肥 施用 过量 会 造成 早衰 吗,1
水稻 稻 曲 病 有 哪些 特征 特性,稻 曲 病 危害 症状 以及 主要 防治,1
防治 水稻 穗 颈 瘟 什么 时候 用药 最好 用 什么 农药 防治,水稻 纹枯病 症状 识别 及 防治 方法,0
防治 水稻 稻 曲 病 可 选用 哪些 药剂,水稻 叶 瘟病 的 防治 技术 及 常用 药剂 有 哪些,0
目前 防治 水稻 二化螟 最 有效 的 药剂 有 哪些,水稻 发芽 最低气温 是 多少,0
水稻 培育 壮秧 关键技术 要点,水稻田 里 的 青苔 如何 防除,0
高龄 稻 纵 卷叶螟 防治,水稻 如何 防治 稻 曲 病,0
如何 识别 与 防治 水稻 纹枯病,如何 识别 和 防治 水稻 纹枯病,1
稻飞虱 防治 指标 多少,水稻 纹枯病 药剂 防治 指标 是 多少,0
稻 菜 轮作 有 哪些 好处,采取 稻 菜 轮作 对 保证 食品安全 有 何 现实意义,1
稻田 三棱 草 如何 防治,水稻田 里 的 香附子 三棱 草 用 什么 农药 防治效果 好,0
稻田 养鱼 一般 在 水稻 插秧 后 多少 天 秧苗 长 出新 根 开始 返青 时 放 鱼,稻田 养鱼 什么 时候 放 鱼,1
水稻 高温 热害 的 预防,有效 的 水稻 高温 热害 防控 技术 措施 有 哪些,0
水稻 分蘖期 如何 管理,水稻 分蘖期 水层 如何 管理,0
水稻种子 处理 技术 要点,水稻 分蘖期 的 田间管理 技术 有 哪些 要点,0
怎样 防治 水稻 胡麻 斑 病,水稻田 三棱 草 怎么 防治,0
水稻 纹枯病 如何 综合 防治,水稻 纹枯病 的 防治 方法,1
水稻 稻 曲 病 用 什么 药剂 防治,防治 稻 曲 病 用 哪些 药物 效果 较 好,1
水稻 基 腐 病 怎样 防治效果 好,水稻 细菌性 基 腐 病防治 方法,1
稻子 出现 早衰 该 怎样 防治,水稻 稻瘟病 应该 怎样 防治 有些 什么 症状 特点,0
水稻 恶 苗 病 主要 有 哪些 症状,水稻 稻 曲 病 的 症状 有 哪些,0
怎样 区别 秧苗 千金子 和 稗 草,水稻 稗 草 千金子 的 识别,1
水稻 稻 曲 病 对 稻米 产量 和 质量 有 何 影响,水稻 抽穗 扬 花期 遇 高温 干旱 天气 对 产量 有 何 影响,0
水稻 紫 鞘 病防治,如何 利用 高效 低毒 低 残留 农药 对 水稻 纹枯病 进行 有效 防治,0
喷施 水稻 叶面肥 掌握 在 什么 时候 最佳,水稻 的 穗肥 在 什么 时候 施用 比较 好,0
水稻 缺 锌 症状 及 锌肥 施用 方法,水稻 缺 氮 时 氮肥 施用 过量 症状 有 哪些,0
水 稻蓟马 怎样 防治,稻蓟马 如何 防治,1
水稻 出现 烂秧 的 原因 有 哪些 怎么 补救,水稻 烂秧 死苗 的 原因 及 防止,1
水稻种子 储存 方法,怎样 提高 水稻种子 发芽率,0
水稻 叶 尖 枯 病 的 发生 与 防治,防治 水稻 稻瘟病 的 药剂 有 哪些,0
水稻 稻瘟病 有 哪些 症状 如何 防治,稻瘟病 的 菌 源 和 危害 症状,1
水稻 立枯病 有 哪些 症状,请问 水稻 立枯病 发病 症状 如何 识别,1
云南 隆阳区 水稻 白 叶枯病 防治 技术,如何 识别 二化螟 和 三化螟,0
水稻 灰 飞 虱 怎样 防治,水稻 灰 飞 虱 的 发生 与 防治,1
水稻 稻 曲 病防治 最佳 时间 是 什么 时候,稻 曲 病 最佳 防治 时间 是 何时,1
水稻 稻瘟病 预测 预报 方法,稻瘟病 的 防治 及 预防 方法,1
水稻 烂秧 病防治,水稻 绵 腐 型 烂 秧苗 病 可用 什么 药剂 防治,0
水稻 早 穗 的 原因,水稻 肥 床 旱育稀植 技术,0
水稻 稻瘟病 症状 有 哪些,水稻 稻瘟病 的 症状 及 防治 要点,1
水稻 孕穗 抽穗期 如 高温 热害 最佳 减灾 措施 有 哪些,防御 水稻 高温 热害 要 从 哪几个 方面 着手,1
水稻 抛秧 盘 育苗 技术,水稻 机 插秧 育苗 技术,0
水稻 免耕 直播 如何 进行 水肥 管理,水稻 直播 有 几种 方式 如何 进行,0
培育 适宜 机 插 秧苗 应 掌握 哪些 关键技术,水稻 机 插 秧苗 育秧 标准,1
如何 正确 防治 水稻 穗 期 飞 虱,如何 防治 稻飞虱,1
水稻 稻 曲 病 的 发生 有 哪些 特点 什么 时间 防治效果 最好,水稻 稻飞虱 在 什么 时间 防治效果 最好,0
水稻 干 尖 线虫病 防治,水稻 干 尖 线虫病 如何 预防 和 防治,0
水稻 稻 曲 病防治 时间 如何 把握,防治 稻 曲 病 的 关键时期 是 什么 时候,1
如何 防治 水稻 恶 苗 病,水稻 恶 苗 病 如何 防治,1
大棚 水稻 苗 受到 农达 药害 怎么 解救,水稻 发生 了 除草剂 药害 该 怎么办,1
水稻 坐 蔸 分为 哪几种 是 什么 原因 引起 的,怎样 利用 高效 低毒 低 残留 农药 对 水稻 潜 叶 蝇 进行 科学 有效 防治,0
怎样 防治 水稻 纹枯病,水稻 纹枯病 发生 与 防治,1
如何 防治 籼稻 紫 鞘 病,如何 防治 水稻 叶 瘟病,0
白 叶枯病 是 怎么回事 分 哪几种 类型 怎样 防治,稻 曲 病 是 怎么回事 防治 方法 有 哪些,0
早稻 后期 稻飞虱 发生 动态 及 如何 防治,稻飞虱 怎么 防治,1
水稻 高温 天气 抽穗 扬花 怎么 管理,水稻 纹枯病 的 防治 特效药,0
水稻 热害 的 补救措施,防治 稻飞虱 用 哪些 农药 好,0
水稻 旱 育秧 立枯病 防治 方法,秧苗 怎么 防治 水稻 立枯病,1
水稻 条纹 叶枯病 的 传播 途径 有 哪些,水稻 条纹 叶枯病 的 传毒 媒介 是 什么 与 玉米 粗 缩 病 一样 吗,1
褐 飞 虱 主要 在 水稻 什么 时期 产生 危害,褐 飞 虱 在 水稻 什么 时期 为害,1
水稻 分蘖期 田间 如何 管理,水稻 高温 期间 如何 管理,0
稻 水 象 甲 在 豫南 稻 区 一年 发生 几代,稻 纵 卷叶螟 在 安徽 中北部 稻 区 一年 发生 多少 代,0
水稻 潜 叶 蝇 有 什么 危害,水稻 基 腐 病症状 及 防治 措施,0
如何 加强 水稻 高温 热害 预防,预防 水稻 高温 热害 有 那些 措施,1
为什么 水稻 播种 前 要 进行 晒种,水稻 浸种 催芽 前 为何 要 晒种,1
水稻 倒伏 草 害 应对 措施 是 什么,水稻 条纹 叶枯病 的 防治 技术,0
水稻 胡麻 斑 病 怎样 防治,水稻 和 稗 草 如何 区分,0
水稻 稻 曲 病 的 最佳 防治 时间 是 什么 时期,目前 防治 稻飞虱 效果 最好 的 药 有 哪些,0
水稻 苗期 立枯病 症状 有 何 特点,水稻 苗期 立枯病 的 症状 有 何 特点,1
水稻 穗肥 什么 时间 施用 最好,水稻 防治 稻 曲 病 什么 时间 喷药 效果 最佳 用 什么 药 防治效果 最好,0
水稻 科学 施肥 技术 要点,水稻 苗期 立枯病 的 预防措施,0
水稻 早衰 怎么办,水稻 早 穗 现象 严重 怎么办,0
水稻 为什么 要 晒 田 怎样 晒 田,水稻 晒 田 的 作用 及 技术 有 哪些,1
水稻 稻 纵 卷叶螟 怎样 防治,稻 纵 卷叶螟 发生 危害 特点 及 防治 措施,1
水稻 怎样 抗倒伏,防止 水稻 倒伏 的 措施 有 哪些,1
水稻 稻 曲 病防治,水稻 稻 曲 病防治 方法 有 哪些,1
稗 草 大龄 如何 防治,稻田 稗 草 如何 有效 防除,1
如何 治疗 水稻 胡麻 斑 病,水稻 为什么 要 进行 浸种 催芽,0
南方 稻田 水稻 免耕 直播 栽培技术 的 要点,直播 水稻 栽培技术 的 要点 是 哪些,1
南方 水稻 黑 条 矮 缩 病防治 要点,如何 防治 水稻 矮 缩 病,1
水稻 颖 枯 病 的 发生 及 防治,水稻 纹枯病 的 发生 特点 及 防治 技术,0
水稻 纹枯病 的 农业 防治 方法,防治 水稻 纹枯病 的 方法 有 哪些,1
水稻 稻 纵 卷叶螟 的 防治 指标 到底 该 提 多少 比较 合适,稻 纵 卷叶螟 防治 标准 是 什么,1
稻 曲 病 严重 的 稻谷 能 食用 吗 人 吃 了 会 有 不良反应 吗,菊酯 类 农药 的 使用 是不是 会 导致 稻飞虱 发生 严重,0
收获 水稻 的 适宜 期 是 哪个 时期,温度 达到 多 高 时 对 水稻种子 发芽 不利,0
水稻 白化病 的 成因,水稻 白 穗 的 形成 原因,0
水稻 稻 纵 卷叶螟 怎样 防治,稻 纵 卷叶螟 发育 的 适宜 温度 湿度 是 多少 怎样 防治,0
水稻 潜 叶 蝇 有 什么 为害 症状,水稻 白 叶枯病 与 细菌性 条斑 病 的 叶 部 症状 特点 有 什么 不同,0
如何 防治 稻 水 象 甲,蒙古 象 甲虫 的 防治 方法,1
如何 防治 水稻 烂秧 病,水稻 烂秧 如何 防治,1
水稻 白 叶枯病 造成 田里 水稻 大部分 叶 尖 枯黄 怎么 防治,怎样 区别 水稻 叶 尖 枯 病 和 白 叶枯病 两种 病症 如何 防治,0
水稻 稻瘟病 与 水稻 胡麻 斑 病 在 症状 上 有 何 区别,影响 水稻 分蘖 发生 的 因素 有 哪些,0
水稻 秧苗 受 除草剂 药害 后 怎么办,怎样 防治 苗期 稻瘟病,0
水稻 白 叶枯病 的 识别 与 防治,问 水稻 条纹 叶枯病 怎样 识别 与 防治,0
水稻 纹枯病 致病菌 是 什么,水稻 产生 白 穗 的 原因 与 预防,0
水稻种子 晒种 主要 作用 是 什么,有机 水稻 种植 稻 鸭 共 作 的 技术 要点 是 什么,0
作物 种子 安全 储藏 条件 有 哪些,水稻 安全 储藏 的 基本 条件 是 什么,1
水稻 的 稻瘟病 纹枯病 该 怎么 防治,稻瘟病 怎 防治,1
什么 原因 会 造成 水稻 颖 壳 合 不 拢 不 结实,水稻 扬花 不 结实 怎么回事,1
水稻 稻苞虫 的 发生 特点 及 防治 方法,水稻 白 叶枯病 的 发生 特点 及 防治 方法,0
怎样 预防 水稻 穗 发芽,水稻 成熟期 遇 连阴雨 出现 穗 发芽 预防 穗 发芽 的 措施 有 哪些,1
水稻 机 插秧 特点,水稻 机 插秧 施肥 技术 要点 有 哪些,0
如何 防治 水稻 颖 枯 病,水稻 颖 枯 病 发病 症状 是 怎样 的 如何 防治,0
水稻 药害 的 补救,水稻 除草剂 药害 怎样 补救,1
如何 加强 水稻 高温 热害 预防,水稻 穗 期 高温 热害 预防 技术,1
水稻 褐 飞 虱 有 哪些 形态 特征,水稻 黑 条 矮 缩 病 综合 防治 技术,0
稻 菜 轮作 有 哪些 好处,水稻 晒 田 的 好处 有 哪些 如何 晒 田,0
水稻 生产 上 如何 科学 防范 高温 热害,水稻 高温 热害 的 防控 技术,1
水稻 稻 水 象 甲 怎样 防治效果 好,稻 水 象 甲 的 危害 是 什么 如何 防治,1
水稻 对 水分 缺乏 最 敏感 的 时期 是 哪个 时期,水稻田 三棱 草 怎么 防治,0
水稻 稻 曲 病 的 最佳 防治 适 期 是 什么 时候,防治 稻 曲 病 的 关键时期 是 什么 时候,1
水稻 直播 用 什么 除草剂,直播 水稻 化学 除草 有 哪些 方法,1
水稻 秧苗 白化 防治 方法 是 什么,水稻 秧苗 白化病 的 防治,1
北方 水稻 稻 曲 病 的 认 别 与 防治 措施 有 哪些,怎样 识别 与 防治 水稻 稻 曲 病,1
水稻 纹枯病 的 识别 与 防治,水稻 纹枯病 的 识别方法,1
水稻 晒 田 应 在 什么 时候 合适,水稻 晒 田 有 什么 好处 怎样 掌握 晒 田 的 最佳时期,1
水稻 苗期 青 枯 立枯病 的 防治,水稻 的 三性 指 的 是 哪 三性,0
怎么 防治 水稻 二化螟,水稻 二化螟 什么 时间 防治 最好,0
在 水稻田 杂草 防治 过程 中 怎样 区分 稻 稗 和 稗 草,水稻 在 拔节 孕穗 前 使用 吡 嘧 二氯 喹啉 酸 产生 田间 药害 怎样 防治,0
水稻 发生 大面积 倒伏 怎样 补救,水稻 发生 倒伏 的 原因 有 哪些,0
水稻 稻飞虱 的 发生 规律 及 防治 方法,稻飞虱 的 发生 规律 是,1
水稻 白 穗 用 什么 药 能 防治,水稻田 养 虾 能 用 什么 农药 防治 稻 纵 卷叶螟,0
水稻 受 药害 的 识别,水稻 霜霉病 与 除草剂 药害 的 区别,0
水稻 倒伏 是 什么 原因,除草剂 药害 怎样 挽救,0
水稻 发芽 最 适宜 的 温度 是,水稻种子 发芽 的 最低温度 是 多少,0
水稻 稻瘟病 的 识别方法 有 哪些,北方 水稻 稻 曲 病 的 认 别 与 防治 措施 有 哪些,0
中稻 遇 高温 有 哪些 预防措施,水稻 缺 钾 症 如何 识别 和 防治,0
水稻 条纹 叶枯病 发生 趋势 与 防治 技术 意见,综合 防治 水稻 条纹 叶枯病,1
水稻 恶 苗 病 危害 症状,水稻 恶 苗 病 的 症状 与 防治,1
常规 水稻 每亩 大田 机 插 多少 丛 较 适宜,怎么 识别 稻田 中 的 稗 草,0
水稻 白 叶枯病 表现 的 症状 有 几种 类型,水稻 白 叶枯病 在 水稻 全生育期 均 可 发生 由于 环境 条件 品种 抗性 和 侵染 部位 的 不同 其 症状 类型 也 不同 可 分为 哪 三种 类型,0
北方 水稻 纹枯病 的 发病 症状 及 防治 方法,水稻 纹枯病 的 发病 症状 及 防治 方法,1
今年 我 镇 部分 水稻田 发生 白 叶枯病 当 如何 防治,水稻 白 叶 枯 怎么 防治,1
什么 是 水稻 细菌性 条斑 病 该 如何 防治,水稻 细菌性 条斑 病 危害 及 防治,1
如何 减轻 和 预防 水稻 高温 热害,水稻 扬 花期 如何 预防 高温 热害,1
水稻 产量 由 哪些因素 决定,水稻 的 产量 由 哪些因素 决定,1
水稻 稻瘟病 发生 的 主要 原因,文 洛 式 温室 水稻 育秧 易 造成 秧苗 绵 腐 病 立枯病 发生 的 主要 原因 是 什么,0
水稻 稻瘟病 的 最佳 防治 时间,水稻 生产 如何 规避 高温 热害,0
防止 水稻 倒伏 的 技术,防止 水稻 贪 青 的 技术 措施 有 哪些,0
中稻 稻飞虱 稻 纵 卷叶螟 如何 防治,水 稻飞虱 如何 防治,1
稻谷 如何 贮藏 最好,稻谷 贮藏 害虫 主要 有 哪些 如何 防治,0
怎样 防治 稻飞虱,水稻 胡麻 斑 病 如何 几时 防治,0
现在 防治 稻飞虱 的 有效 药剂 有 哪些,防治 水稻 稻 曲 病 最好 在 什么 时间 有 哪些 比较 有效 的 药剂,0
水稻 出现 白 穗 是 什么 原因 造成 的 该 怎么办,目前 中 籼稻 有 哪些 品种 抗倒伏性 能 比较 好,0
如何 来 防治 水稻 稻瘟病,水稻 稻瘟病 怎样 防治,1
水稻 叶 尖 枯 病 的 防治 措施 有 哪些,水稻 条纹 叶枯病 的 防治 措施 有 哪些,0
水稻 叶 尖 枯黄 根系 正常 是 什么 病,水稻田 田螺 如何 开展 防治,0
水稻 烂秧 防治 技术,水稻 纹枯病 有 何 症状 水稻 纹枯病 的 特征 及 防病,0
水稻 烂秧 的 主要 原因 是 什么,稻 纵 卷叶螟 的 形态 特征 如何 防治,0
怎样 防止 水稻 贪 青 晚熟,如何 区别 稻瘟病 与 胡麻 叶斑病,0
稻飞虱 有 何 危害 特点,稻飞虱 的 发生 有 何 特点,0
水稻 倒伏 的 因素 有 哪些,水稻 发生 倒伏 的 原因 有 哪些,1
水稻 南方 黑 条 矮 缩 病 的 防治 方法,水稻 黑 条 矮 缩 病 综合 防治 技术,1
水稻 直播 栽培 按 播种 方式 可 分为 几种 类型,水稻 白 叶枯病 是 一种 细菌性 病害 一般 可 分为 哪几种 类型,0
如何 区别 水稻 稗 草 稻 稗 千金子,当前 水稻 螟虫 及 稻飞虱 化学防治 技术 有 哪些,0
稻 水 象 甲 危害 特点 是,稻 水 象 甲 成虫 的 为害 症状,1
一亩 田 稻飞虱 量 达到 多少 头 就 需要 防治,稻飞虱 防治 指标 多少,1
水稻 晒 田 应 在 什么 时候 合适,直播 中稻 什么 时候 晒 田 好,1
水稻 抽穗 后 能 防治 稻 曲 病 吗,水稻 抽穗期 稻 曲 病 和 稻瘟病 防治 技术,0
早稻 为什么 烂 种 烂秧,水稻 烂秧 原因 及 防治 措施,1
造成 水稻 秧苗 徒长 的 原因,文 洛 式 温室 水稻 育秧 易 造成 秧苗 绵 腐 病 立枯病 发生 的 主要 原因 是 什么,0
影响 水稻 结实率 的 因素 有 哪些,影响 水稻 产量 的 因素 有 哪些,0
对 水稻 危害 较大 的 稻飞虱 主要 有 哪几种,稻飞虱 主要 有 哪几种,1
如何 加强 防治 水稻 褐 条 病 提高 免疫力,预防 水稻 恶 苗 病 浸种 技术,0
碱式 硫酸铜 能否 防治 水稻 稻 曲 病,水稻 有 一半 抽穗 了 是否 还 可以 防治 稻 曲 病,0
水稻 秧田 期 立枯病 症状 及 防治 方法,水稻 机 插秧 大田 栽培技术,0
怎样 做好 水稻 病虫害 综合 防治,水稻 细菌性 条斑 病 怎样 防治效果 好,0
水稻 高温 热害 的 防御 措施,咪 鲜 胺 噻 呋 酰胺 悬浮剂 对 水稻 纹枯病 的 防治效果,0
水稻 早衰 怎么办,水稻 早衰 的 防治 方法 有 哪些,1
稻 曲 病 最佳 防治 时间 是 何时,稻 曲 病 要 于 水稻 抽穗 前 多少 天 用 药剂 预防,1
怎样 防治 华南 早稻 育秧 期 低温 烂秧,水稻 育秧 烂秧 死苗 防治 方法,1
防治 稻飞虱 都 有些 什么 农药,哪些 药 可以 有效 的 防治 水稻 灰 飞 虱,0
如何 避免 水稻 贪 青 晚熟,怎样 防止 水稻 贪 青 晚熟,1
水稻 品种 生育 时期 由 哪些 因子 来 决定,水稻 播种期 的 决定 因素 有 哪些,0
穗 大粒 多 的 水稻 品种 易发 稻 曲 病 吗,水稻 恶 苗 病 的 发生 与 品种 温湿度 和 栽培 管理 等 因素 有关,0
水 直播 水稻 杂草 防治 措施 有 哪些,水稻 直播 田 杂草 防除 技术 是 什么,1
水稻 稻瘟病 防治 技术,防治 水稻 稻瘟病 有 什么 高招 呢,1
水稻 恶 苗 病 的 有效 防治,水稻 恶 苗 病 的 防治 须知,1
水稻 白化 苗 是 什么 原因 造成 的,水稻 秧苗 白化 是 什么 原因 造成 的,1
水稻 纹枯病 的 防治,水稻 条纹 叶枯病 的 症状 及 防治 措施,0
水稻 烂秧 是 怎样 造成 的,水稻 出现 白 穗 是 什么 原因 造成 的 该 怎么办,0
稻 纵 卷叶螟 在 安徽 中北部 稻 区 一年 发生 多少 代,稻 纵 卷叶螟 生长发育 的 适宜 温湿度 分别 是 多少,0
水稻 稻 曲 病 用 何种 药 防治 方法 最好,水稻 细菌性 条斑 病 用 何种 农药 防治效果 最好,0
目前 防治 稻飞虱 效果 最好 的 药 有 哪些,目前 防治 水稻 二化螟 最 有效 的 药剂 有 哪些,0
防止 水稻 早衰 的 技术 措施 有 哪些,水稻 的 产量 构成 如何 计算 理论 产量,0
水稻 纹枯病 防治 方法,水稻 纹枯病 防治 方法 简介,1
怎样 进行 水稻 理论 产量 的 测定 和 计算,水稻 产量 是 如何 测试 的,1
防治 水稻 水 象 甲 喷 什么 药 效果 好,水稻种子 处理 技术 如何 规范,0
水稻 抽穗期 稻 曲 病 和 稻瘟病 防治 技术,水稻 稻瘟病 的 防治 措施,1
水稻 直播 栽培 按 播种 方式 可 分为 哪几种 类型,水稻 直播 栽培 的 类型 有 哪些,1
水稻 螟虫 怎样 防治效果 好,防治 水稻 螟虫 的 方法,1
水稻 倒伏 后 补救措施 有 哪些,水稻 恶 苗 病 有 哪些 特征,0
稻 曲 病 侵染 的 主要 时期 在 什么 时期,防治 水稻 稻 曲 病 最好 在 什么 时间 有 哪些 比较 有效 的 药剂,1
水稻 潜 叶 蝇 有 什么 危害,水稻 条纹 叶枯病 危害 有 什么 症状 怎么样 防治,0
单季稻 抽穗 扬 花期 遇到 连阴雨 天气 如 防治 稻 曲 病,稻 曲 病 是 怎么回事 防治 方法 有 哪些,1
如何 诊断 稻 白 叶枯病,水稻 白 叶枯病 发病 条件 如何,0
怎样 确定 水稻 破口 前天,怎样 确定 水稻 播种期,0
水稻 纵 卷叶螟 如何 防治,禾苗 有 稻 纵 卷叶螟 怎样 处理,1
水稻 纹枯病 发生 有 什么 特点,水稻 干 尖 线虫病 的 发生 特点 是 什么,0
水稻 烂秧 的 主要 原因 有 哪些,水稻 秧田 黑 根 腐烂 秧 是 什么 原因,1
水稻 稻飞虱 分 几种,河北省 发生 的 稻飞虱 主要 种类 有 哪几种,1
水稻 四种 叶 瘟病 与 水稻 胡麻 斑 病 叶片 上 斑 病 正反面 是否 产生 灰绿色 的 霉 层,水稻 分蘖期 田间 杂草 很多 主要 是 鸭舌 草 水花生 等 适宜 用 二甲 四氯 防治 吗,0
水稻 坐 蔸 发生 原因 及其 防治 措施,水稻 基 腐 病 的 发生 原因 和 防治 措施 有 哪些,0
水稻 旱育稀植 的 施肥 原则,水稻 的 旱育稀植 栽培技术 要点,0
水稻 细菌性 条斑 病 如何 防治,水稻 细菌性 条斑 病 在 什么 条件 下 发生 严重 如何 防治,0
水稻 二化螟 的 防治 策略 是 什么,水稻 二化螟 虫 如何 防治,1
水稻 恶 苗 病 的 防治 技术 意见,水稻 恶 苗 病 的 防治 方法,1
如何 防治 水稻 的 条纹 叶枯病,水稻 条纹 叶枯病 防治 措施,1
褐 飞 虱 在 北纬 多少度 以南 的 海南省 南部 为 终年 繁殖 区,水稻 稻 曲 病 的 发生 与 防治 措施,0
水稻 恶 苗 病 有 哪些 症状 如何 防治,水稻 恶 苗 病 的 苗期 症状 是 什么,1
如何 防治 水稻 恶 苗 病,防治 水稻 恶 苗 病 做好 什么 是 关键,1
防治 灰 飞 虱 的 策略 是 什么,稻飞虱 的 防治 策略 是 什么,0
怎样 提高 水稻 的 结实率,问 怎样 避开 高温 对 水稻 结实 的 影响,0
水稻 稻瘟病 防治 要点,稻瘟病 的 防治 方法,1
水稻 白 叶枯病 的 发病 症状,水稻 白 叶枯病 的 症状,1
稻飞虱 怎么 防治,稻飞虱 的 防治 要点,1
水稻 的 药害 症状 有 哪些,水稻 药害 有 哪些 症状,1
如何 防治 稻 水 象 甲,如何 识别 与 防治 水稻 赤 枯 病,0
水稻 出现 烂秧 的 原因 有 哪些 怎么 补救,水稻 纹枯病 的 危害 症状 和 防治 方法,0
有 什么 特效药 可 防治 稻瘟病,水稻 扬 花期 如何 预防 高温 热害,0
如何 防治 水稻 穗 颈 瘟,水稻 穗 颈 瘟 的 防治 要点,1
如何 防治 水稻 稻 水 螟,水稻 纹枯病 致病菌 是 什么,0
水稻 倒伏 原因 有 哪些,水稻 倒伏 的 原因,1
水稻 纹枯病 危害 与 识别,水稻 纹枯病 识别 和 防治,1
水稻 一生 对 水分 最 敏感 是 什么 时期,直播 杂交 水稻 比较 好 的 品种 有 哪些,0
如何 确定 早 季 水稻 免耕 抛秧 的 播种期,如何 确定 水稻 的 适宜 播种期,1
涝 后 水稻 易发 稻瘟病 纹枯病 怎么 防治,防治 稻瘟病 的 原则 及 注意事项,1
水稻种子 的 处理 技术,有机 水稻 种植 稻 鸭 共 作 的 技术 要点 是 什么,0
水稻 浸种 前 为什么 要 晒种 晒种 要 注意 什么,水稻 为什么 要 进行 浸种 催芽,0
吡 嘧 磺 隆 在 水稻 移栽 田 内 使用 除草 会 产生 药害 吗 若 产生 药害 如何 补救,水稻 一代 二化螟 如何 防治,0
水稻 机 插秧 育秧 技术 要点,水稻 旱育稀植 的 施肥 原则,0
如何 防止 水稻 秧苗 徒长,水稻 秧苗 徒长 了 怎么办,1
如何 有效 地 防治 水稻 螟虫,防治 水稻 螟虫 的 方法,1
水稻 穗 颈 瘟 防治 时期,水稻 穗 颈 瘟 的 防治 时间 及 防治 化学 药剂 有 哪些,0
水稻 白 叶 枯 怎么 防治,水稻 白 叶枯病 的 防治 技术,1
稻田 青苔 怎么 除掉,稻 虾 共生 田 怎么 除草 效果 好,0
直播 田 水稻 使用 什么 除草剂 比较 好,水稻 本田 千金子 应选 用 的 除草剂 及 施药 方法 是 什么,0
稻田 青苔 怎么 除掉,如何 防治 水稻 稻 褐 飞 虱,0
防治 水稻 螟虫 的 方法,水 直播 水稻 杂草 防治 措施 有 哪些,0
如何 防治 水稻 卷叶虫,如何 喷药 防治 水稻 稻飞虱 和 卷叶螟,0
当前 及 未来 天 高温 如何 加强 水稻 管理,高温 季节 的 水稻 田间管理,1
防治 水稻 白 叶枯病 的 药剂 有 哪些,目前 防治 水稻 条纹 叶枯病 药剂 有 哪些,0
水稻 如何 防 倒伏,防止 水稻 倒伏 的 技术,1
水稻 赤 枯 病症状 有 哪几种 类型,水稻 白 叶枯病 表现 的 症状 有 几种 类型,0
请 注意 这些 容易 产生 药害 的 农药,稻飞虱 的 发生 有 何 特点 了解 这些 对 生产实践 有 何 指导意义,0
如何 防止 水稻 苗期 药害 的 发生,水稻 长 穗 期 的 冷害 防治 方法 有 哪些,0
水稻 灰 飞 虱 的 防治 方法 有 哪些,水稻 灰 飞 虱 防治 措施,1
水稻 抽穗 扬 花期 遇 高温 对 水稻 产量 有 影响 吗,水稻 抽穗 扬 花期 遇 高温 天气 应 采取 哪些 措施,0
水稻 条纹 叶枯病 的 发生 与 防治,水稻 条纹 叶枯病 的 防治 措施,1
水稻田 三棱 草 防除 技术,什么 是 稻瘟病,0
怎样 防止 水稻 贪 青 晚熟,防止 水稻 贪 青 的 技术 措施 有 哪些,1
早稻 后期 稻飞虱 发生 动态 及 如何 防治,稻飞虱 如何 防治,1
水稻 发生 药害 有 哪些 现象,水稻 条纹 叶枯病 主要症状 是 什么,0
杂交 水稻种子 浸种 催芽 技术,如何 进行 水稻种子 的 浸种 催芽 浸种 催芽 过程 中 应 特别 注意 哪些 事项,0
水稻 恶 苗 病 在 秧田 期 就 表现 症状 吗,水稻 恶 苗 病 有 哪些 症状,1
水稻 二化螟 防治 措施,水稻 虫害 二化螟 发生 及 防治 技术,1
水稻 白 叶枯病 的 防治 措施 有 哪些,水稻 白 叶枯病 造成 田里 水稻 大部分 叶 尖 枯黄 怎么 防治,1
水稻 分蘖 最 适宜 的 水稻 水温 是 多少度,在 生产 上 怎么 防止 水稻 倒伏 发生,0
防治 水稻 恶 苗 病 最 经济 有效 的 方法 是 什么,水稻 病毒 病 是 什么 原因 引起 的 在 什么 时期 如何 防治效果 最好,0
水稻 稻飞虱 的 发生 特点 及 防治 对策 如何,我 是 贵州 的 水稻 黑 条 矮 缩 病 发生 特点 及 防治 方法,0
水稻 药害 的 补救 办法,水稻 除草剂 药害 的 补救措施,1
水稻 纹枯病 的 防治,简述 水稻 纹枯病 的 防治 技术,1
水稻 胡麻 斑 病防治,水稻 胡麻 斑 病防治 措施 有 哪些,1
水稻 稻飞虱 的 发生 规律 及 防治 方法,水稻 褐 飞 虱 的 发生 规律 是 什么 怎样 针对性 防治,0
水稻 进入 灌浆 期 稻飞虱 的 防治 指标 是 多少,造成 水稻 秧苗 徒长 的 原因,0
加强 对 水稻 负 泥 虫 的 认识 和 防治,水稻 负 泥 虫 防治 技术,1
水稻 直播 如何 有效 防除 杂草,如何 利用 高效 低毒 低 残留 农药 对 水稻 纹枯病 进行 有效 防治,0
水稻 倒伏 原因 及 防治 措施,水稻 坐 蔸 发生 原因 及其 防治 措施,0
喷施 多 效 唑 防止 水稻 徒长 在 什么 时 效果 好,喷施 多 效 唑 防止 水稻 徒长 的 时期 应 在 什么 时候,1
水稻 低温 冷害 的 防御 措施 有 哪些,水稻 如何 合理 施肥,0
水稻 二化螟 怎么 防治,什么 药剂 防治 水稻 二化螟 大龄 幼虫 效果 最佳,0
水稻 为何 会 倒伏,水稻 倒伏 的 原因 是 什么,1
水稻 烂秧 的 原因 及 防治 方法,水稻 烂秧 的 原因 是 什么,1
水稻 怎样 避免 高温 热害,水稻 扬 花期 如何 预防 高温 热害,1
水稻 稻瘟病 发生 规律,水稻 稻瘟病 发生 规律 和 症状,1
怎么样 防治 水稻 基 腐 病,水稻 基 腐 病 怎样 防治效果 好,1
对 水稻 危害 较大 的 稻飞虱 主要 有 哪几种,稻飞虱 有 哪些 类型,1
水稻 机 插秧 大田 管理 技术,水稻 为何 会 倒伏,0
南方 水稻 黑 条 矮 缩 病 防控 措施 是 什么,目前 防治 水稻 稻瘟病 的 药剂 有 哪些,0
水稻 烂秧 主要症状 及 防治 措施,水稻 烂秧 病防治 措施 有 哪些,1
如何 防治 黑 尾 叶蝉,如何 防治 水稻 叶 瘟病,0
水稻 条纹 叶枯病 防治 技术,水稻 条纹 叶枯病 的 主要症状 是 什么 如何 防治,0
如何 防治 水稻 烂秧 病,直播 水稻 应 注意 哪些 问题,0
红 根 稗 草 如何 防除,在 干旱 缺水 情况 下 水稻 如何 育秧,0
什么 原因 会 造成 水稻 颖 壳 合 不 拢 不 结实,造成 水稻 大量 不 结实 的 原因 除草剂 的 除外,1
水 稻瘟病 防治 方法,稻瘟病 的 防治 方法 是 什么,1
水稻 盘 育 机 插秧 技术,水稻 机 插秧 育秧 技术,0
直播 田 水稻 使用 什么 除草剂 比较 好,单季稻 直播 田 中叶 稗 草 怎么 除掉 用 什么 除草剂 最佳,0
晚稻 机 插秧 化学 除草 技术 要点,水稻 肥 床 旱育稀植 技术,0
水稻 纹枯病 的 防治 特效药,水稻 纹枯病 防治 什么 药剂 最佳,1
白背飞虱 一年 发生 几代,水稻 恶 苗 病 的 病源 是 什么,0
在 干旱 缺水 情况 下 要 怎样 育 足 水稻 秧苗,如何 提高 春耕 水稻种子 发芽率,0
水稻 已经 发生 稻 曲 病 了 用 什么 药剂 才能 把 霉 球 打 掉,防治 稻 曲 病 用 哪些 药物 效果 较 好,1
水稻 螟虫 的 防治 措施,水稻 赤 枯 病 如何 加强 防治,0
水稻 恶 苗 病 的 防治 须知,水稻 恶 苗 病 的 发生 及 防治 措施,0
怎样 确定 水稻 播种期,水稻 叶枕 瘟 防治,0
水稻 白 叶枯病 怎么 防治,水稻 白 叶枯病 的 防治 方法 是 什么,1
水稻 缺 钾 症状 及 防治 措施,怎样 识别 和 防治 稻 曲 病,0
水稻 纹枯病 及 两 迁 害虫 的 防治 方法 是 什么,水稻 纹枯病 怎样 防治,1
水稻 遭受 污水 灌溉 后 有 什么 症状,水稻 被 工业 污水 灌溉 有 什么 防治 方法,0
稻 曲 病 侵染 的 主要 时期 在 什么 时期,稻 曲 病 的 发生 很 严重 在 什么 时期 防治效果 最好,1
水稻 白背飞虱 防控 对策,哪些 药剂 能 防治 水稻 白背飞虱,0
水稻 浸种 催芽 有 什么 好处,问 水稻 晒种 有 什么 好处,0
水稻 水 象 甲 怎样 防治,蒙古 象 甲虫 的 防治 方法,1
什么 时期 缺水 严重 影响 水稻 的 产量,水稻 对 水分 缺乏 最 敏感 的 时期 是 什么 时候,0
水稻 对 水分 缺乏 最 敏感 的 时期 是 什么 时候,水稻 对 水分 缺乏 最 敏感 的 时期 是 哪个 时期,1
什么 可以 影响 水稻 产量,什么 时期 缺水 严重 影响 水稻 的 产量,0
水稻 发生 了 除草剂 药害 该 怎么办,水稻 除草剂 药害 的 补救措施,1
水稻 纹枯病 有 哪些 症状,水稻 细菌性 褐 条 病 有 哪些 症状,0
水稻 稻 曲 病 在 什么 时期 防治 最好,水稻 稻 曲 病 的 防治 适 期,1
菊酯 类 农药 的 使用 是不是 会 导致 稻飞虱 发生 严重,水稻 螟虫 对 水稻 有 哪些 危害,0
水稻 稻 曲 病 的 防治 方法 有 哪些,水稻 稻 曲 病 的 防治 方法 有 那些,1
采取有效 措施 防治 水稻 稻瘟病,防治 水稻 稻瘟病 有 哪些 要 注意 的 问题,1
水稻 烂秧 及 防治 方法,水稻 烂秧 防治 技术 措施,1
水稻 二化螟 如何 防治,水稻 虫害 二化螟 发生 及 防治 技术,1
水稻 稻瘟病 防治 措施,稻瘟病 有 什么 防控 技术 措施,1
水稻 发芽 最低气温 是 多少,水稻种子 发芽 的 最适 温度 为 多少度,0
水稻 立枯病 症状 及 防治,为什么 水稻 播种 前 要 进行 晒种,0
水稻 纹枯病 的 防治 特效药,防除 水稻 纹枯病 什么 药 效果 好,1
水稻 稻瘟病 的 种类 及 发病 症状,稻瘟病 的 病状 是 什么,1
稻 鸭 互 作 可以 产生 哪些 效益,稻 鸭 共生 有 哪些 好处,1
水稻 穗 颈 瘟 是 水稻 抽穗期 发生 的 病害 吗,水稻 受 二化螟 危害 出现 白 穗 症状 的 生育 时期 是 哪个 时期,0
水稻 安全 储藏 安全 水 是 多少,水稻种子 安全 贮藏 的 水分 含量,1
水稻 条纹 叶枯病 主要症状 是 什么,水稻 条纹 叶枯病 危害 有 什么 症状 怎么样 防治,1
哪 省 是 中国 栽培 高粱 面积 最大 总产量 最高 的 省份,制约 水稻 产量 提高 的 主要 因素 有 哪些,0
在 防治 水稻 条纹 叶枯病 中 应 注意 哪 事项,对 水稻 条纹 叶枯病 的 防治 策略,1
对 稻瘟病 采取 哪些 措施 防治,水稻 稻瘟病 的 防治 方法 有 哪些,1
怎样 防治 稻田 稻飞虱,水稻 稻飞虱 为害 严重 怎样 防治,1
水稻 稻 曲 病 用 什么 药剂 防治,防治 水稻 稻 曲 病 最好 在 什么 时间 有 哪些 比较 有效 的 药剂,0
水稻 雨 后 大批 倒伏 是 什么 原因,水稻 倒伏 后 补救措施 是 什么,0
水稻 稻 纵 卷叶螟 危害 特征 及 防治 方法,为什么 机 插秧 栽 后 返青 缓 苗期 较 常规 手 插秧 长,0
水稻 遭遇 高温 应对 措施 有 哪些,防御 水稻 高温 热害 的 方法 有 哪些,1
水稻 收获 后 水分 少于 多少 才能 贮藏,水稻 贮存 的 安全 水分 标准 是 多少,1
稻 白 叶枯病 是 由 什么 病菌 侵害 引起 的,水稻 条纹 叶枯病 的 传播 途径 有 哪些,0
什么 是 水稻 障碍性 冷害 怎么 避免,水稻 营养障碍 的 原因 是 什么,0
水稻 的 科学 施肥 方法 主要 要点,水稻 科学 施肥 控 水 技术,1
预防 南方 水稻 黑 条 矮 缩 病,南方 水稻 黑 条 矮 缩 病 怎么 防治,0
防治 水稻 二化螟 比较 好 的 药剂 是 什么,水稻 稻 曲 病 与 水稻 品种 有关 吗,0
水稻 防止 烂秧 的 主要 途径 是 什么,水稻 烂秧 的 主要 原因 是 什么,0
水稻 水 象 甲 怎样 防治,水稻 稻 水 象 甲 怎样 防治效果 好,1
水稻 稻 曲 病 最佳 防治 时期 如何 确定,水稻 稻 曲 病 的 发生 有 哪些 特点 什么 时间 防治效果 最好,1
水稻 细菌性 基 腐 病 的 发生 发展 与 水稻 品种 和 什么 的 关系 最为 密切,水稻 白 叶枯病 在 水稻 全生育期 均 可 发生 由于 环境 条件 品种 抗性 和 侵染 部位 的 不同 其 症状 类型 也 不同 可 分为 哪 三种 类型,0
水稻 稻 曲 病 的 防治,水稻 稻 曲 病 的 防治 要点,1
稻飞虱 的 成虫 在 形态 上 有 何 主要 特点,在 稻田 养蟹 中 应 注意 什么 问题,0
水稻 品种 混杂 退化 的 主要 原因 是 什么,水稻 品种 混杂 退化 的 原因 有 哪些,1
水稻 出现 早 穗 现象 是 什么 原因,水稻 出现 早 穗 现象 的 主要 原因 是 什么,1
防治 水稻田 鸭舌 草 的 农药 是 什么,旱 直播 稻田 杂草 防治 重点 是 什么 时候 发生 的 杂草,0
水稻 条纹 叶枯病 的 主要症状 是 什么 如何 防治,水稻 条纹 叶枯病 的 症状 特点 如何,1
